,timestamp1,dividend_amount1,vol_pct_mean1,dividend_amount2,vol_pct_mean2,dividend_amount3,vol_pct_mean3,dividend_amount4,vol_pct_mean4,dividend_amount5,vol_pct_mean5,open6,high6,low6,close6,adjusted_close6,dividend_amount6,vol_pct_mean6,timestamp7,open7,high7,low7,close7,adjusted_close7,dividend_amount7,vol_pct_mean7,open_dir1,open_trend1,high_trend1,low_trend1,close_trend1,body_type1,top_tail1,bot_tail1,open_dir2,open_trend2,high_trend2,low_trend2,close_trend2,body_type2,top_tail2,bot_tail2,open_dir3,open_trend3,high_trend3,low_trend3,close_trend3,body_type3,top_tail3,bot_tail3,open_dir4,open_trend4,high_trend4,low_trend4,close_trend4,body_type4,top_tail4,bot_tail4,open_dir5,open_trend5,high_trend5,low_trend5,close_trend5,body_type5,top_tail5,bot_tail5,label,symbol
0,2019-02-11,0.0,0.7513196603116463,0.0,0.9129703751948939,0.0,1.3307129311925507,0.0,0.8795248161309659,0.0,1.3028321445254316,100.63,102.66,100.44,102.64,102.64,0.0,1.3382562209524496,2019-02-01,101.4,101.84,99.3,100.76,100.76,0.0,1.2775806628143938,0.999711066165848,1.0056190660724666,1.0066339775021633,1.005873786407767,0.999711066165848,1.0009633911368017,1.0076997112608277,1.0018821485449543,0.9973910522755822,1.0079093838492335,1.0033764229210882,1.0099029316599668,0.9973910522755822,1.0059097074210424,1.001733603004912,1.0021359223300972,0.9973704713673548,0.9979536152796725,1.0075816485225506,0.9999019607843137,0.9973704713673548,1.0105458451323113,1.0016426707894484,1.004118050789293,0.9992210321324245,1.0001949317738792,0.998350315380883,1.0053222945002958,0.9992210321324245,1.000584681348665,1.0019477989871444,1.006078431372549,0.9996102883865938,1.0195766669979132,1.0037989479836353,1.0101553166069295,0.9996102883865938,1.0009746588693957,1.0034079844206425,1.0112359550561798,DOWN,MAA
1,2019-02-08,0.0,0.9129703751948939,0.0,1.3307129311925507,0.0,0.8795248161309659,0.0,1.3028321445254316,0.0,1.3382562209524496,101.4,101.84,99.3,100.76,100.76,0.0,1.2775806628143938,2019-01-31,102.95,103.5,100.35,101.28,101.28,0.0,3.058823228950798,0.9973910522755822,1.0079093838492335,1.0033764229210882,1.0099029316599668,0.9973910522755822,1.0059097074210424,1.001733603004912,1.0021359223300972,0.9973704713673548,0.9979536152796725,1.0075816485225506,0.9999019607843137,0.9973704713673548,1.0105458451323113,1.0016426707894484,1.004118050789293,0.9992210321324245,1.0001949317738792,0.998350315380883,1.0053222945002958,0.9992210321324245,1.000584681348665,1.0019477989871444,1.006078431372549,0.9996102883865938,1.0195766669979132,1.0037989479836353,1.0101553166069295,0.9996102883865938,1.0009746588693957,1.0034079844206425,1.0112359550561798,0.9987098054783643,0.9924063116370808,1.0080518460329928,1.0114803625377644,0.9987098054783643,1.0199741627745205,1.000194855806703,1.0018916766228594,DOWN,MAA
2,2019-02-07,0.0,1.3307129311925507,0.0,0.8795248161309659,0.0,1.3028321445254316,0.0,1.3382562209524496,0.0,1.2775806628143938,102.95,103.5,100.35,101.28,101.28,0.0,3.058823228950798,2019-01-30,103.04,104.52,102.86,104.13,104.13,0.0,0.8234463107774456,0.9973704713673548,0.9979536152796725,1.0075816485225506,0.9999019607843137,0.9973704713673548,1.0105458451323113,1.0016426707894484,1.004118050789293,0.9992210321324245,1.0001949317738792,0.998350315380883,1.0053222945002958,0.9992210321324245,1.000584681348665,1.0019477989871444,1.006078431372549,0.9996102883865938,1.0195766669979132,1.0037989479836353,1.0101553166069295,0.9996102883865938,1.0009746588693957,1.0034079844206425,1.0112359550561798,0.9987098054783643,0.9924063116370808,1.0080518460329928,1.0114803625377644,0.9987098054783643,1.0199741627745205,1.000194855806703,1.0018916766228594,1.0011848341232228,0.9849441476444877,0.9839613526570049,0.9895366218236173,1.0011848341232228,0.9936883629191321,1.0043392504930966,1.0147029204431017,DOWN,MAA
3,2019-02-06,0.0,0.8795248161309659,0.0,1.3028321445254316,0.0,1.3382562209524496,0.0,1.2775806628143938,0.0,3.058823228950798,103.04,104.52,102.86,104.13,104.13,0.0,0.8234463107774456,2019-01-29,102.48,103.37,101.76,103.36,103.36,0.0,0.8150199191774118,0.9992210321324245,1.0001949317738792,0.998350315380883,1.0053222945002958,0.9992210321324245,1.000584681348665,1.0019477989871444,1.006078431372549,0.9996102883865938,1.0195766669979132,1.0037989479836353,1.0101553166069295,0.9996102883865938,1.0009746588693957,1.0034079844206425,1.0112359550561798,0.9987098054783643,0.9924063116370808,1.0080518460329928,1.0114803625377644,0.9987098054783643,1.0199741627745205,1.000194855806703,1.0018916766228594,1.0011848341232228,0.9849441476444877,0.9839613526570049,0.9895366218236173,1.0011848341232228,0.9936883629191321,1.0043392504930966,1.0147029204431017,0.9886680111399213,0.999126552795031,0.9902411021814007,0.9755979000583317,0.9886680111399213,0.983778533268577,1.0053423992229238,1.0092675635276533,DOWN,MAA
4,2019-02-05,0.0,1.3028321445254316,0.0,1.3382562209524496,0.0,1.2775806628143938,0.0,3.058823228950798,0.0,0.8234463107774456,102.48,103.37,101.76,103.36,103.36,0.0,0.8150199191774118,2019-01-28,100.9,102.54,100.644,102.35,102.35,0.0,0.7043521812600065,0.9996102883865938,1.0195766669979132,1.0037989479836353,1.0101553166069295,0.9996102883865938,1.0009746588693957,1.0034079844206425,1.0112359550561798,0.9987098054783643,0.9924063116370808,1.0080518460329928,1.0114803625377644,0.9987098054783643,1.0199741627745205,1.000194855806703,1.0018916766228594,1.0011848341232228,0.9849441476444877,0.9839613526570049,0.9895366218236173,1.0011848341232228,0.9936883629191321,1.0043392504930966,1.0147029204431017,0.9886680111399213,0.999126552795031,0.9902411021814007,0.9755979000583317,0.9886680111399213,0.983778533268577,1.0053423992229238,1.0092675635276533,0.9969040247678019,1.005464480874317,1.0111250846473832,1.0108097484276728,0.9969040247678019,1.0105784161490683,1.00374531835206,1.0017499513902393,DOWN,MAA
5,2019-02-04,0.0,1.3382562209524496,0.0,1.2775806628143938,0.0,3.058823228950798,0.0,0.8234463107774456,0.0,0.8150199191774118,100.9,102.54,100.644,102.35,102.35,0.0,0.7043521812600065,2019-01-25,100.19,101.34,100.04,101.07,101.07,0.0,0.7320883484620165,0.9987098054783643,0.9924063116370808,1.0080518460329928,1.0114803625377644,0.9987098054783643,1.0199741627745205,1.000194855806703,1.0018916766228594,1.0011848341232228,0.9849441476444877,0.9839613526570049,0.9895366218236173,1.0011848341232228,0.9936883629191321,1.0043392504930966,1.0147029204431017,0.9886680111399213,0.999126552795031,0.9902411021814007,0.9755979000583317,0.9886680111399213,0.983778533268577,1.0053423992229238,1.0092675635276533,0.9969040247678019,1.005464480874317,1.0111250846473832,1.0108097484276728,0.9969040247678019,1.0105784161490683,1.00374531835206,1.0017499513902393,1.0012701514411335,1.0156590683845392,1.0080944021845133,1.0110885894837247,1.0012701514411335,1.0085870413739266,1.0000967492260062,1.0070754716981132,DOWN,MAA
6,2019-02-01,0.0,1.2775806628143938,0.0,3.058823228950798,0.0,0.8234463107774456,0.0,0.8150199191774118,0.0,0.7043521812600065,100.19,101.34,100.04,101.07,101.07,0.0,0.7320883484620165,2019-01-24,99.45,100.52,99.045,99.97,99.97,0.0,0.5104636336969877,1.0011848341232228,0.9849441476444877,0.9839613526570049,0.9895366218236173,1.0011848341232228,0.9936883629191321,1.0043392504930966,1.0147029204431017,0.9886680111399213,0.999126552795031,0.9902411021814007,0.9755979000583317,0.9886680111399213,0.983778533268577,1.0053423992229238,1.0092675635276533,0.9969040247678019,1.005464480874317,1.0111250846473832,1.0108097484276728,0.9969040247678019,1.0105784161490683,1.00374531835206,1.0017499513902393,1.0012701514411335,1.0156590683845392,1.0080944021845133,1.0110885894837247,1.0012701514411335,1.0085870413739266,1.0000967492260062,1.0070754716981132,0.9983179974275256,1.0070865355823935,1.0118413262285377,1.0060375849660135,0.9983179974275256,1.0143706640237857,1.001856375183195,1.0025436190930408,UP,MAA
7,2019-01-31,0.0,3.058823228950798,0.0,0.8234463107774456,0.0,0.8150199191774118,0.0,0.7043521812600065,0.0,0.7320883484620165,99.45,100.52,99.045,99.97,99.97,0.0,0.5104636336969877,2019-01-23,99.84,99.99,98.94,99.63,99.63,0.0,1.3854806303304004,0.9886680111399213,0.999126552795031,0.9902411021814007,0.9755979000583317,0.9886680111399213,0.983778533268577,1.0053423992229238,1.0092675635276533,0.9969040247678019,1.005464480874317,1.0111250846473832,1.0108097484276728,0.9969040247678019,1.0105784161490683,1.00374531835206,1.0017499513902393,1.0012701514411335,1.0156590683845392,1.0080944021845133,1.0110885894837247,1.0012701514411335,1.0085870413739266,1.0000967492260062,1.0070754716981132,0.9983179974275256,1.0070865355823935,1.0118413262285377,1.0060375849660135,0.9983179974275256,1.0143706640237857,1.001856375183195,1.0025436190930408,1.0022006601980593,1.0074409250879839,1.008157580580979,1.0100459387147256,1.0022006601980593,1.0087833117077551,1.0026714158504009,1.001499400239904,DOWN,MAA
8,2019-01-30,0.0,0.8234463107774456,0.0,0.8150199191774118,0.0,0.7043521812600065,0.0,0.7320883484620165,0.0,0.5104636336969877,99.84,99.99,98.94,99.63,99.63,0.0,1.3854806303304004,2019-01-22,100.11,100.4,99.0,99.85,99.85,0.0,0.8810556285541964,0.9969040247678019,1.005464480874317,1.0111250846473832,1.0108097484276728,0.9969040247678019,1.0105784161490683,1.00374531835206,1.0017499513902393,1.0012701514411335,1.0156590683845392,1.0080944021845133,1.0110885894837247,1.0012701514411335,1.0085870413739266,1.0000967492260062,1.0070754716981132,0.9983179974275256,1.0070865355823935,1.0118413262285377,1.0060375849660135,0.9983179974275256,1.0143706640237857,1.001856375183195,1.0025436190930408,1.0022006601980593,1.0074409250879839,1.008157580580979,1.0100459387147256,1.0022006601980593,1.0087833117077551,1.0026714158504009,1.001499400239904,0.998193315266486,0.99609375,1.0053005300530053,1.0010612492419648,0.998193315266486,1.0052287581699346,1.0055016504951486,1.004089050431622,DOWN,MAA
9,2019-01-29,0.0,0.8150199191774118,0.0,0.7043521812600065,0.0,0.7320883484620165,0.0,0.5104636336969877,0.0,1.3854806303304004,100.11,100.4,99.0,99.85,99.85,0.0,0.8810556285541964,2019-01-18,100.15,100.47,99.1,100.14,100.14,0.0,0.7606753089002541,1.0012701514411335,1.0156590683845392,1.0080944021845133,1.0110885894837247,1.0012701514411335,1.0085870413739266,1.0000967492260062,1.0070754716981132,0.9983179974275256,1.0070865355823935,1.0118413262285377,1.0060375849660135,0.9983179974275256,1.0143706640237857,1.001856375183195,1.0025436190930408,1.0022006601980593,1.0074409250879839,1.008157580580979,1.0100459387147256,1.0022006601980593,1.0087833117077551,1.0026714158504009,1.001499400239904,0.998193315266486,0.99609375,1.0053005300530053,1.0010612492419648,0.998193315266486,1.0052287581699346,1.0055016504951486,1.004089050431622,0.9998998497746621,0.9973029667365898,0.9959163346613544,0.9993939393939394,0.9998998497746621,0.9978966346153846,1.0015024038461537,1.0069739235900546,UP,MAA
10,2019-01-28,0.0,0.7043521812600065,0.0,0.7320883484620165,0.0,0.5104636336969877,0.0,1.3854806303304004,0.0,0.8810556285541964,100.15,100.47,99.1,100.14,100.14,0.0,0.7606753089002541,2019-01-17,99.33,100.13,99.28,100.0,100.0,0.0,0.6999351335543836,0.9983179974275256,1.0070865355823935,1.0118413262285377,1.0060375849660135,0.9983179974275256,1.0143706640237857,1.001856375183195,1.0025436190930408,1.0022006601980593,1.0074409250879839,1.008157580580979,1.0100459387147256,1.0022006601980593,1.0087833117077551,1.0026714158504009,1.001499400239904,0.998193315266486,0.99609375,1.0053005300530053,1.0010612492419648,0.998193315266486,1.0052287581699346,1.0055016504951486,1.004089050431622,0.9998998497746621,0.9973029667365898,0.9959163346613544,0.9993939393939394,0.9998998497746621,0.9978966346153846,1.0015024038461537,1.0069739235900546,0.9997004194128221,0.9996005991013479,0.9993032746093362,0.9989909182643795,0.9997004194128221,0.9974028568574568,1.0028968135051444,1.0085858585858585,DOWN,MAA
11,2019-01-25,0.0,0.7320883484620165,0.0,0.5104636336969877,0.0,1.3854806303304004,0.0,0.8810556285541964,0.0,0.7606753089002541,99.33,100.13,99.28,100.0,100.0,0.0,0.6999351335543836,2019-01-16,97.84,99.68,97.52,99.38,99.38,0.0,0.9616071321150815,1.0022006601980593,1.0074409250879839,1.008157580580979,1.0100459387147256,1.0022006601980593,1.0087833117077551,1.0026714158504009,1.001499400239904,0.998193315266486,0.99609375,1.0053005300530053,1.0010612492419648,0.998193315266486,1.0052287581699346,1.0055016504951486,1.004089050431622,0.9998998497746621,0.9973029667365898,0.9959163346613544,0.9993939393939394,0.9998998497746621,0.9978966346153846,1.0015024038461537,1.0069739235900546,0.9997004194128221,0.9996005991013479,0.9993032746093362,0.9989909182643795,0.9997004194128221,0.9974028568574568,1.0028968135051444,1.0085858585858585,1.0015,1.008255310580892,1.00339558573854,0.9981869460112811,1.0015,0.9999001497753369,1.003195207189216,1.0104944500504542,UP,MAA
12,2019-01-24,0.0,0.5104636336969877,0.0,1.3854806303304004,0.0,0.8810556285541964,0.0,0.7606753089002541,0.0,0.6999351335543836,97.84,99.68,97.52,99.38,99.38,0.0,0.9616071321150815,2019-01-15,96.8,98.23,96.77,97.97,97.97,0.0,1.1502939944490125,0.998193315266486,0.99609375,1.0053005300530053,1.0010612492419648,0.998193315266486,1.0052287581699346,1.0055016504951486,1.004089050431622,0.9998998497746621,0.9973029667365898,0.9959163346613544,0.9993939393939394,0.9998998497746621,0.9978966346153846,1.0015024038461537,1.0069739235900546,0.9997004194128221,0.9996005991013479,0.9993032746093362,0.9989909182643795,0.9997004194128221,0.9974028568574568,1.0028968135051444,1.0085858585858585,1.0015,1.008255310580892,1.00339558573854,0.9981869460112811,1.0015,0.9999001497753369,1.003195207189216,1.0104944500504542,0.9994968806600926,1.0152289452166803,1.0045144462279292,1.018047579983593,0.9994968806600926,1.0067451927917044,1.0012999999999999,1.0005036261079774,DOWN,MAA
13,2019-01-23,0.0,1.3854806303304004,0.0,0.8810556285541964,0.0,0.7606753089002541,0.0,0.6999351335543836,0.0,0.9616071321150815,96.8,98.23,96.77,97.97,97.97,0.0,1.1502939944490125,2019-01-14,96.36,97.06,95.8,96.52,96.52,0.96,0.8581980605422005,0.9998998497746621,0.9973029667365898,0.9959163346613544,0.9993939393939394,0.9998998497746621,0.9978966346153846,1.0015024038461537,1.0069739235900546,0.9997004194128221,0.9996005991013479,0.9993032746093362,0.9989909182643795,0.9997004194128221,0.9974028568574568,1.0028968135051444,1.0085858585858585,1.0015,1.008255310580892,1.00339558573854,0.9981869460112811,1.0015,0.9999001497753369,1.003195207189216,1.0104944500504542,0.9994968806600926,1.0152289452166803,1.0045144462279292,1.018047579983593,0.9994968806600926,1.0067451927917044,1.0012999999999999,1.0005036261079774,0.998673063182607,1.0107438016528927,1.0147612745597068,1.0077503358478868,0.998673063182607,1.0157399836467702,1.0030187160394446,1.0032813781788352,DOWN,MAA
14,2019-01-22,0.0,0.8810556285541964,0.0,0.7606753089002541,0.0,0.6999351335543836,0.0,0.9616071321150815,0.0,1.1502939944490125,96.36,97.06,95.8,96.52,96.52,0.96,0.8581980605422005,2019-01-11,96.34,97.3,96.1,97.19,96.2329,0.0,0.9290215973170689,0.9997004194128221,0.9996005991013479,0.9993032746093362,0.9989909182643795,0.9997004194128221,0.9974028568574568,1.0028968135051444,1.0085858585858585,1.0015,1.008255310580892,1.00339558573854,0.9981869460112811,1.0015,0.9999001497753369,1.003195207189216,1.0104944500504542,0.9994968806600926,1.0152289452166803,1.0045144462279292,1.018047579983593,0.9994968806600926,1.0067451927917044,1.0012999999999999,1.0005036261079774,0.998673063182607,1.0107438016528927,1.0147612745597068,1.0077503358478868,0.998673063182607,1.0157399836467702,1.0030187160394446,1.0032813781788352,1.0029009531703275,1.004566210045662,1.0120543993406141,1.010125260960334,1.0029009531703275,1.012086776859504,1.0026538736347863,1.0003100134339156,DOWN,MAA
15,2019-01-18,0.0,0.7606753089002541,0.0,0.6999351335543836,0.0,0.9616071321150815,0.0,1.1502939944490125,0.96,0.8581980605422005,96.34,97.3,96.1,97.19,96.2329,0.0,0.9290215973170689,2019-01-10,94.6,96.91,94.5,96.57,95.619,0.0,0.6799438002604565,1.0015,1.008255310580892,1.00339558573854,0.9981869460112811,1.0015,0.9999001497753369,1.003195207189216,1.0104944500504542,0.9994968806600926,1.0152289452166803,1.0045144462279292,1.018047579983593,0.9994968806600926,1.0067451927917044,1.0012999999999999,1.0005036261079774,0.998673063182607,1.0107438016528927,1.0147612745597068,1.0077503358478868,0.998673063182607,1.0157399836467702,1.0030187160394446,1.0032813781788352,1.0029009531703275,1.004566210045662,1.0120543993406141,1.010125260960334,1.0029009531703275,1.012086776859504,1.0026538736347863,1.0003100134339156,0.9914600267517234,1.0002075980900975,0.9975334018499487,0.9968782518210197,0.9914600267517234,1.0016604400166043,1.005594695399917,1.0058455114822547,UP,MAA
16,2019-01-17,0.0,0.6999351335543836,0.0,0.9616071321150815,0.0,1.1502939944490125,0.96,0.8581980605422005,0.0,0.9290215973170689,94.6,96.91,94.5,96.57,95.619,0.0,0.6799438002604565,2019-01-09,95.47,95.47,94.07,94.99,94.0545,0.0,0.8823018175620524,0.9994968806600926,1.0152289452166803,1.0045144462279292,1.018047579983593,0.9994968806600926,1.0067451927917044,1.0012999999999999,1.0005036261079774,0.998673063182607,1.0107438016528927,1.0147612745597068,1.0077503358478868,0.998673063182607,1.0157399836467702,1.0030187160394446,1.0032813781788352,1.0029009531703275,1.004566210045662,1.0120543993406141,1.010125260960334,1.0029009531703275,1.012086776859504,1.0026538736347863,1.0003100134339156,0.9914600267517234,1.0002075980900975,0.9975334018499487,0.9968782518210197,0.9914600267517234,1.0016604400166043,1.005594695399917,1.0058455114822547,0.9976183079631357,1.0183932346723046,1.004024352492003,1.0169312169312168,0.9976183079631357,1.0088229188291467,1.0011318036835066,1.0024973985431842,DOWN,MAA
17,2019-01-16,0.0,0.9616071321150815,0.0,1.1502939944490125,0.96,0.8581980605422005,0.0,0.9290215973170689,0.0,0.6799438002604565,95.47,95.47,94.07,94.99,94.0545,0.0,0.8823018175620524,2019-01-08,93.97,95.58,93.51,95.08,94.1436,0.0,1.3357653814416854,0.998673063182607,1.0107438016528927,1.0147612745597068,1.0077503358478868,0.998673063182607,1.0157399836467702,1.0030187160394446,1.0032813781788352,1.0029009531703275,1.004566210045662,1.0120543993406141,1.010125260960334,1.0029009531703275,1.012086776859504,1.0026538736347863,1.0003100134339156,0.9914600267517234,1.0002075980900975,0.9975334018499487,0.9968782518210197,0.9914600267517234,1.0016604400166043,1.005594695399917,1.0058455114822547,0.9976183079631357,1.0183932346723046,1.004024352492003,1.0169312169312168,0.9976183079631357,1.0088229188291467,1.0011318036835066,1.0024973985431842,0.9958943046636488,0.9908871896930973,1.0150832722321148,1.0045710641012013,0.9958943046636488,1.0208245243128964,1.003520762141452,1.001058201058201,DOWN,MAA
18,2019-01-15,0.0,1.1502939944490125,0.96,0.8581980605422005,0.0,0.9290215973170689,0.0,0.6799438002604565,0.0,0.8823018175620524,93.97,95.58,93.51,95.08,94.1436,0.0,1.3357653814416854,2019-01-07,93.57,94.52,92.7,93.2,92.2822,0.0,1.116300727623607,1.0029009531703275,1.004566210045662,1.0120543993406141,1.010125260960334,1.0029009531703275,1.012086776859504,1.0026538736347863,1.0003100134339156,0.9914600267517234,1.0002075980900975,0.9975334018499487,0.9968782518210197,0.9914600267517234,1.0016604400166043,1.005594695399917,1.0058455114822547,0.9976183079631357,1.0183932346723046,1.004024352492003,1.0169312169312168,0.9976183079631357,1.0088229188291467,1.0011318036835066,1.0024973985431842,0.9958943046636488,0.9908871896930973,1.0150832722321148,1.0045710641012013,0.9958943046636488,1.0208245243128964,1.003520762141452,1.001058201058201,1.004101809002945,1.015962541236565,0.9988491316174932,1.005988664313977,1.004101809002945,0.9949722425892951,1.0,1.0097799511002445,UP,MAA
19,2019-01-14,0.96,0.8581980605422005,0.0,0.9290215973170689,0.0,0.6799438002604565,0.0,0.8823018175620524,0.0,1.3357653814416854,93.57,94.52,92.7,93.2,92.2822,0.0,1.116300727623607,2019-01-04,93.82,94.69,93.26,93.33,92.4109,0.0,0.9034962617252923,0.9914600267517234,1.0002075980900975,0.9975334018499487,0.9968782518210197,0.9914600267517234,1.0016604400166043,1.005594695399917,1.0058455114822547,0.9976183079631357,1.0183932346723046,1.004024352492003,1.0169312169312168,0.9976183079631357,1.0088229188291467,1.0011318036835066,1.0024973985431842,0.9958943046636488,0.9908871896930973,1.0150832722321148,1.0045710641012013,0.9958943046636488,1.0208245243128964,1.003520762141452,1.001058201058201,1.004101809002945,1.015962541236565,0.9988491316174932,1.005988664313977,1.004101809002945,0.9949722425892951,1.0,1.0097799511002445,1.0082618025751073,1.0042748744255638,1.0112145577655522,1.0087378640776699,1.0082618025751073,1.011812280515058,1.005258729490955,1.0049192599721954,DOWN,MAA
20,2019-01-11,0.0,0.9290215973170689,0.0,0.6799438002604565,0.0,0.8823018175620524,0.0,1.3357653814416854,0.0,1.116300727623607,93.82,94.69,93.26,93.33,92.4109,0.0,0.9034962617252923,2019-01-03,92.64,94.79,92.57,93.32,92.401,0.0,0.8023057142873846,0.9976183079631357,1.0183932346723046,1.004024352492003,1.0169312169312168,0.9976183079631357,1.0088229188291467,1.0011318036835066,1.0024973985431842,0.9958943046636488,0.9908871896930973,1.0150832722321148,1.0045710641012013,0.9958943046636488,1.0208245243128964,1.003520762141452,1.001058201058201,1.004101809002945,1.015962541236565,0.9988491316174932,1.005988664313977,1.004101809002945,0.9949722425892951,1.0,1.0097799511002445,1.0082618025751073,1.0042748744255638,1.0112145577655522,1.0087378640776699,1.0082618025751073,1.011812280515058,1.005258729490955,1.0049192599721954,1.0025715204114432,0.9973353229588574,0.9982046678635548,0.9939952820072914,1.0025715204114432,0.9960457411563536,1.0101528267607138,1.0053937432578208,DOWN,MAA
21,2019-01-10,0.0,0.6799438002604565,0.0,0.8823018175620524,0.0,1.3357653814416854,0.0,1.116300727623607,0.0,0.9034962617252923,92.64,94.79,92.57,93.32,92.401,0.0,0.8023057142873846,2019-01-02,94.93,94.93,92.19,92.65,91.7376,0.0,0.9262938280443174,0.9958943046636488,0.9908871896930973,1.0150832722321148,1.0045710641012013,0.9958943046636488,1.0208245243128964,1.003520762141452,1.001058201058201,1.004101809002945,1.015962541236565,0.9988491316174932,1.005988664313977,1.004101809002945,0.9949722425892951,1.0,1.0097799511002445,1.0082618025751073,1.0042748744255638,1.0112145577655522,1.0087378640776699,1.0082618025751073,1.011812280515058,1.005258729490955,1.0049192599721954,1.0025715204114432,0.9973353229588574,0.9982046678635548,0.9939952820072914,1.0025715204114432,0.9960457411563536,1.0101528267607138,1.0053937432578208,1.0053579082726103,1.0127374784110534,0.9989450363962442,1.0074538187317708,1.0053579082726103,0.9947772329993605,1.0092730761031763,1.0007505897490885,DOWN,MAA
22,2019-01-09,0.0,0.8823018175620524,0.0,1.3357653814416854,0.0,1.116300727623607,0.0,0.9034962617252923,0.0,0.8023057142873846,94.93,94.93,92.19,92.65,91.7376,0.0,0.9262938280443174,2018-12-31,95.15,95.71,93.79,95.7,94.7575,0.0,0.6899286973727843,1.004101809002945,1.015962541236565,0.9988491316174932,1.005988664313977,1.004101809002945,0.9949722425892951,1.0,1.0097799511002445,1.0082618025751073,1.0042748744255638,1.0112145577655522,1.0087378640776699,1.0082618025751073,1.011812280515058,1.005258729490955,1.0049192599721954,1.0025715204114432,0.9973353229588574,0.9982046678635548,0.9939952820072914,1.0025715204114432,0.9960457411563536,1.0101528267607138,1.0053937432578208,1.0053579082726103,1.0127374784110534,0.9989450363962442,1.0074538187317708,1.0053579082726103,0.9947772329993605,1.0092730761031763,1.0007505897490885,0.9998920669185105,0.9758769619719793,0.9985252291161909,1.0041219221173663,0.9998920669185105,1.0073402417962003,1.0157522503214746,1.0007561845090203,UP,MAA
23,2019-01-08,0.0,1.3357653814416854,0.0,1.116300727623607,0.0,0.9034962617252923,0.0,0.8023057142873846,0.0,0.9262938280443174,95.15,95.71,93.79,95.7,94.7575,0.0,0.6899286973727843,2018-12-28,96.2,96.73,94.05,95.11,94.1733,0.0,0.9133011537587076,1.0082618025751073,1.0042748744255638,1.0112145577655522,1.0087378640776699,1.0082618025751073,1.011812280515058,1.005258729490955,1.0049192599721954,1.0025715204114432,0.9973353229588574,0.9982046678635548,0.9939952820072914,1.0025715204114432,0.9960457411563536,1.0101528267607138,1.0053937432578208,1.0053579082726103,1.0127374784110534,0.9989450363962442,1.0074538187317708,1.0053579082726103,0.9947772329993605,1.0092730761031763,1.0007505897490885,0.9998920669185105,0.9758769619719793,0.9985252291161909,1.0041219221173663,0.9998920669185105,1.0073402417962003,1.0157522503214746,1.0007561845090203,0.9919540229885058,0.9976878612716763,0.9918503813603595,0.9829406120055442,0.9919540229885058,0.9759823027493942,1.0,1.0049896951947066,UP,MAA
24,2019-01-07,0.0,1.116300727623607,0.0,0.9034962617252923,0.0,0.8023057142873846,0.0,0.9262938280443174,0.0,0.6899286973727843,96.2,96.73,94.05,95.11,94.1733,0.0,0.9133011537587076,2018-12-27,94.42,95.48,92.4,95.48,94.5397,0.0,0.9397495923192664,1.0025715204114432,0.9973353229588574,0.9982046678635548,0.9939952820072914,1.0025715204114432,0.9960457411563536,1.0101528267607138,1.0053937432578208,1.0053579082726103,1.0127374784110534,0.9989450363962442,1.0074538187317708,1.0053579082726103,0.9947772329993605,1.0092730761031763,1.0007505897490885,0.9998920669185105,0.9758769619719793,0.9985252291161909,1.0041219221173663,0.9998920669185105,1.0073402417962003,1.0157522503214746,1.0007561845090203,0.9919540229885058,0.9976878612716763,0.9918503813603595,0.9829406120055442,0.9919540229885058,0.9759823027493942,1.0,1.0049896951947066,1.0004205656608138,0.9890852390852392,0.9894551845342705,0.9972355130249868,1.0004205656608138,1.0057803468208093,1.0001044932079415,1.0145004797952872,UP,MAA
25,2019-01-04,0.0,0.9034962617252923,0.0,0.8023057142873846,0.0,0.9262938280443174,0.0,0.6899286973727843,0.0,0.9133011537587076,94.42,95.48,92.4,95.48,94.5397,0.0,0.9397495923192664,2018-12-26,92.4,95.26,91.21,95.26,94.3219,0.0,0.8682875759909903,1.0053579082726103,1.0127374784110534,0.9989450363962442,1.0074538187317708,1.0053579082726103,0.9947772329993605,1.0092730761031763,1.0007505897490885,0.9998920669185105,0.9758769619719793,0.9985252291161909,1.0041219221173663,0.9998920669185105,1.0073402417962003,1.0157522503214746,1.0007561845090203,0.9919540229885058,0.9976878612716763,0.9918503813603595,0.9829406120055442,0.9919540229885058,0.9759823027493942,1.0,1.0049896951947066,1.0004205656608138,0.9890852390852392,0.9894551845342705,0.9972355130249868,1.0004205656608138,1.0057803468208093,1.0001044932079415,1.0145004797952872,1.0075408462505238,1.0188519381486973,1.0130917469627148,1.0178571428571428,1.0075408462505238,0.9886694386694387,1.0055093555093555,1.0112706007442849,UP,MAA
26,2019-01-03,0.0,0.8023057142873846,0.0,0.9262938280443174,0.0,0.6899286973727843,0.0,0.9133011537587076,0.0,0.9397495923192664,92.4,95.26,91.21,95.26,94.3219,0.0,0.8682875759909903,2018-12-24,97.26,97.26,92.23,92.23,91.3217,0.0,0.5054681081309279,0.9998920669185105,0.9758769619719793,0.9985252291161909,1.0041219221173663,0.9998920669185105,1.0073402417962003,1.0157522503214746,1.0007561845090203,0.9919540229885058,0.9976878612716763,0.9918503813603595,0.9829406120055442,0.9919540229885058,0.9759823027493942,1.0,1.0049896951947066,1.0004205656608138,0.9890852390852392,0.9894551845342705,0.9972355130249868,1.0004205656608138,1.0057803468208093,1.0001044932079415,1.0145004797952872,1.0075408462505238,1.0188519381486973,1.0130917469627148,1.0178571428571428,1.0075408462505238,0.9886694386694387,1.0055093555093555,1.0112706007442849,0.9911820281335293,1.0218614718614718,1.002309468822171,1.0130468150422105,0.9911820281335293,1.0112264350773141,1.0,1.0218614718614718,DOWN,MAA
27,2019-01-02,0.0,0.9262938280443174,0.0,0.6899286973727843,0.0,0.9133011537587076,0.0,0.9397495923192664,0.0,0.8682875759909903,97.26,97.26,92.23,92.23,91.3217,0.0,0.5054681081309279,2018-12-21,97.39,100.22,97.15,97.2,96.2428,0.0,2.0183461791829633,0.9919540229885058,0.9976878612716763,0.9918503813603595,0.9829406120055442,0.9919540229885058,0.9759823027493942,1.0,1.0049896951947066,1.0004205656608138,0.9890852390852392,0.9894551845342705,0.9972355130249868,1.0004205656608138,1.0057803468208093,1.0001044932079415,1.0145004797952872,1.0075408462505238,1.0188519381486973,1.0130917469627148,1.0178571428571428,1.0075408462505238,0.9886694386694387,1.0055093555093555,1.0112706007442849,0.9911820281335293,1.0218614718614718,1.002309468822171,1.0130468150422105,0.9911820281335293,1.0112264350773141,1.0,1.0218614718614718,1.001843218041852,0.9500308451573103,0.9794365617931318,0.9889406917488885,1.001843218041852,1.0309523809523808,1.0,1.0130468150422105,DOWN,MAA
28,2018-12-31,0.0,0.6899286973727843,0.0,0.9133011537587076,0.0,0.9397495923192664,0.0,0.8682875759909903,0.0,0.5054681081309279,97.39,100.22,97.15,97.2,96.2428,0.0,2.0183461791829633,2018-12-20,97.87,98.95,96.67,97.31,96.3517,0.0,1.1860688500041678,1.0004205656608138,0.9890852390852392,0.9894551845342705,0.9972355130249868,1.0004205656608138,1.0057803468208093,1.0001044932079415,1.0145004797952872,1.0075408462505238,1.0188519381486973,1.0130917469627148,1.0178571428571428,1.0075408462505238,0.9886694386694387,1.0055093555093555,1.0112706007442849,0.9911820281335293,1.0218614718614718,1.002309468822171,1.0130468150422105,0.9911820281335293,1.0112264350773141,1.0,1.0218614718614718,1.001843218041852,0.9500308451573103,0.9794365617931318,0.9889406917488885,1.001843218041852,1.0309523809523808,1.0,1.0130468150422105,1.0006172839506173,0.9986651606941165,0.970464977050489,0.9493566649511065,1.0006172839506173,0.9482829529097265,1.0,1.0,UP,MAA
29,2018-12-28,0.0,0.9133011537587076,0.0,0.9397495923192664,0.0,0.8682875759909903,0.0,0.5054681081309279,0.0,2.0183461791829633,97.87,98.95,96.67,97.31,96.3517,0.0,1.1860688500041678,2018-12-19,98.45,99.57,97.52,98.04,97.0745,0.0,1.1012187636186535,1.0075408462505238,1.0188519381486973,1.0130917469627148,1.0178571428571428,1.0075408462505238,0.9886694386694387,1.0055093555093555,1.0112706007442849,0.9911820281335293,1.0218614718614718,1.002309468822171,1.0130468150422105,0.9911820281335293,1.0112264350773141,1.0,1.0218614718614718,1.001843218041852,0.9500308451573103,0.9794365617931318,0.9889406917488885,1.001843218041852,1.0309523809523808,1.0,1.0130468150422105,1.0006172839506173,0.9986651606941165,0.970464977050489,0.9493566649511065,1.0006172839506173,0.9482829529097265,1.0,1.0,1.0008221148905558,0.9950955348932257,1.0128347650328449,1.004965346022551,1.0008221148905558,0.9980490810144779,1.029058424889619,1.0005146680391148,UP,MAA
30,2018-12-27,0.0,0.9397495923192664,0.0,0.8682875759909903,0.0,0.5054681081309279,0.0,2.0183461791829633,0.0,1.1860688500041678,98.45,99.57,97.52,98.04,97.0745,0.0,1.1012187636186535,2018-12-18,97.58,98.91,97.33,98.29,97.322,0.0,0.7187079709295182,0.9911820281335293,1.0218614718614718,1.002309468822171,1.0130468150422105,0.9911820281335293,1.0112264350773141,1.0,1.0218614718614718,1.001843218041852,0.9500308451573103,0.9794365617931318,0.9889406917488885,1.001843218041852,1.0309523809523808,1.0,1.0130468150422105,1.0006172839506173,0.9986651606941165,0.970464977050489,0.9493566649511065,1.0006172839506173,0.9482829529097265,1.0,1.0,1.0008221148905558,0.9950955348932257,1.0128347650328449,1.004965346022551,1.0008221148905558,0.9980490810144779,1.029058424889619,1.0005146680391148,0.998266013871889,0.9941086846114779,0.9937732248669279,0.9912838392124693,0.998266013871889,0.9942781240420966,1.0110350464902422,1.0066204613634013,DOWN,MAA
31,2018-12-26,0.0,0.8682875759909903,0.0,0.5054681081309279,0.0,2.0183461791829633,0.0,1.1860688500041678,0.0,1.1012187636186535,97.58,98.91,97.33,98.29,97.322,0.0,0.7187079709295182,2018-12-17,101.56,102.075,96.82,97.1,96.1437,0.0,1.2019108354534187,1.001843218041852,0.9500308451573103,0.9794365617931318,0.9889406917488885,1.001843218041852,1.0309523809523808,1.0,1.0130468150422105,1.0006172839506173,0.9986651606941165,0.970464977050489,0.9493566649511065,1.0006172839506173,0.9482829529097265,1.0,1.0,1.0008221148905558,0.9950955348932257,1.0128347650328449,1.004965346022551,1.0008221148905558,0.9980490810144779,1.029058424889619,1.0005146680391148,0.998266013871889,0.9941086846114779,0.9937732248669279,0.9912838392124693,0.998266013871889,0.9942781240420966,1.0110350464902422,1.0066204613634013,1.0016278359955235,1.0089157614265218,1.0066727327873823,1.0019521216480016,1.0016278359955235,0.9958354494667344,1.0113763331640426,1.0053322395406072,UP,MAA
32,2018-12-24,0.0,0.5054681081309279,0.0,2.0183461791829633,0.0,1.1860688500041678,0.0,1.1012187636186535,0.0,0.7187079709295182,101.56,102.075,96.82,97.1,96.1437,0.0,1.2019108354534187,2018-12-14,100.97,101.83,100.34,101.41,100.4113,0.0,1.2357810218829866,1.0006172839506173,0.9986651606941165,0.970464977050489,0.9493566649511065,1.0006172839506173,0.9482829529097265,1.0,1.0,1.0008221148905558,0.9950955348932257,1.0128347650328449,1.004965346022551,1.0008221148905558,0.9980490810144779,1.029058424889619,1.0005146680391148,0.998266013871889,0.9941086846114779,0.9937732248669279,0.9912838392124693,0.998266013871889,0.9942781240420966,1.0110350464902422,1.0066204613634013,1.0016278359955235,1.0089157614265218,1.0066727327873823,1.0019521216480016,1.0016278359955235,0.9958354494667344,1.0113763331640426,1.0053322395406072,1.0049433573635427,0.9608113430484442,0.9689933872152828,1.005267506713489,1.0049433573635427,1.007276081164173,1.0063078644826533,1.0025685811157916,UP,MAA
33,2018-12-21,0.0,2.0183461791829633,0.0,1.1860688500041678,0.0,1.1012187636186535,0.0,0.7187079709295182,0.0,1.2019108354534187,100.97,101.83,100.34,101.41,100.4113,0.0,1.2357810218829866,2018-12-13,99.99,102.12,99.99,101.47,100.4707,0.0,0.8288480016497696,1.0008221148905558,0.9950955348932257,1.0128347650328449,1.004965346022551,1.0008221148905558,0.9980490810144779,1.029058424889619,1.0005146680391148,0.998266013871889,0.9941086846114779,0.9937732248669279,0.9912838392124693,0.998266013871889,0.9942781240420966,1.0110350464902422,1.0066204613634013,1.0016278359955235,1.0089157614265218,1.0066727327873823,1.0019521216480016,1.0016278359955235,0.9958354494667344,1.0113763331640426,1.0053322395406072,1.0049433573635427,0.9608113430484442,0.9689933872152828,1.005267506713489,1.0049433573635427,1.007276081164173,1.0063078644826533,1.0025685811157916,1.0014791440686324,1.00584331979796,1.0024059707355397,0.9649192744668127,1.0014791440686324,0.956085072863332,1.0050708940527766,1.0028919644701508,UP,MAA
34,2018-12-20,0.0,1.1860688500041678,0.0,1.1012187636186535,0.0,0.7187079709295182,0.0,1.2019108354534187,0.0,1.2357810218829866,99.99,102.12,99.99,101.47,100.4707,0.0,0.8288480016497696,2018-12-12,102.5,102.74,99.84,99.9,98.9162,0.0,1.0074791956437663,0.998266013871889,0.9941086846114779,0.9937732248669279,0.9912838392124693,0.998266013871889,0.9942781240420966,1.0110350464902422,1.0066204613634013,1.0016278359955235,1.0089157614265218,1.0066727327873823,1.0019521216480016,1.0016278359955235,0.9958354494667344,1.0113763331640426,1.0053322395406072,1.0049433573635427,0.9608113430484442,0.9689933872152828,1.005267506713489,1.0049433573635427,1.007276081164173,1.0063078644826533,1.0025685811157916,1.0014791440686324,1.00584331979796,1.0024059707355397,0.9649192744668127,1.0014791440686324,0.956085072863332,1.0050708940527766,1.0028919644701508,0.9950724352025229,1.00980098009801,0.9971602036819428,1.0035003500350035,0.9950724352025229,1.0043577300188173,1.0041416033921704,1.0062786525812237,DOWN,MAA
35,2018-12-19,0.0,1.1012187636186535,0.0,0.7187079709295182,0.0,1.2019108354534187,0.0,1.2357810218829866,0.0,0.8288480016497696,102.5,102.74,99.84,99.9,98.9162,0.0,1.0074791956437663,2018-12-11,102.43,103.14,101.88,101.93,100.9262,0.0,1.2298685473679365,1.0016278359955235,1.0089157614265218,1.0066727327873823,1.0019521216480016,1.0016278359955235,0.9958354494667344,1.0113763331640426,1.0053322395406072,1.0049433573635427,0.9608113430484442,0.9689933872152828,1.005267506713489,1.0049433573635427,1.007276081164173,1.0063078644826533,1.0025685811157916,1.0014791440686324,1.00584331979796,1.0024059707355397,0.9649192744668127,1.0014791440686324,0.956085072863332,1.0050708940527766,1.0028919644701508,0.9950724352025229,1.00980098009801,0.9971602036819428,1.0035003500350035,0.9950724352025229,1.0043577300188173,1.0041416033921704,1.0062786525812237,1.000900900900901,0.9755121951219512,0.993965349425735,1.0015024038461537,1.000900900900901,1.0148014801480147,1.0064058342367204,1.0,UP,MAA
36,2018-12-18,0.0,0.7187079709295182,0.0,1.2019108354534187,0.0,1.2357810218829866,0.0,0.8288480016497696,0.0,1.0074791956437663,102.43,103.14,101.88,101.93,100.9262,0.0,1.2298685473679365,2018-12-10,102.19,102.35,100.24,101.88,100.8767,0.0,0.8235924687475028,1.0049433573635427,0.9608113430484442,0.9689933872152828,1.005267506713489,1.0049433573635427,1.007276081164173,1.0063078644826533,1.0025685811157916,1.0014791440686324,1.00584331979796,1.0024059707355397,0.9649192744668127,1.0014791440686324,0.956085072863332,1.0050708940527766,1.0028919644701508,0.9950724352025229,1.00980098009801,0.9971602036819428,1.0035003500350035,0.9950724352025229,1.0043577300188173,1.0041416033921704,1.0062786525812237,1.000900900900901,0.9755121951219512,0.993965349425735,1.0015024038461537,1.000900900900901,1.0148014801480147,1.0064058342367204,1.0,1.0055920729912684,1.0006833935370496,0.9961217762264882,0.9799764428739695,1.0055920729912684,0.9746341463414635,1.0023414634146341,1.0006009615384615,UP,MAA
37,2018-12-17,0.0,1.2019108354534187,0.0,1.2357810218829866,0.0,0.8288480016497696,0.0,1.0074791956437663,0.0,1.2298685473679365,102.19,102.35,100.24,101.88,100.8767,0.0,0.8235924687475028,2018-12-07,103.21,103.77,101.55,101.84,100.8371,0.0,1.3397285701876571,1.0014791440686324,1.00584331979796,1.0024059707355397,0.9649192744668127,1.0014791440686324,0.956085072863332,1.0050708940527766,1.0028919644701508,0.9950724352025229,1.00980098009801,0.9971602036819428,1.0035003500350035,0.9950724352025229,1.0043577300188173,1.0041416033921704,1.0062786525812237,1.000900900900901,0.9755121951219512,0.993965349425735,1.0015024038461537,1.000900900900901,1.0148014801480147,1.0064058342367204,1.0,1.0055920729912684,1.0006833935370496,0.9961217762264882,0.9799764428739695,1.0055920729912684,0.9746341463414635,1.0023414634146341,1.0006009615384615,1.005398508048685,1.0023485663959293,1.0077186126038105,1.0163607342378291,1.005398508048685,0.9951186175925022,1.0069315630186468,1.0004907734589714,UP,MAA
38,2018-12-14,0.0,1.2357810218829866,0.0,0.8288480016497696,0.0,1.0074791956437663,0.0,1.2298685473679365,0.0,0.8235924687475028,103.21,103.77,101.55,101.84,100.8371,0.0,1.3397285701876571,2018-12-06,100.59,103.52,99.07,103.42,102.4015,0.0,1.5387880328808046,0.9950724352025229,1.00980098009801,0.9971602036819428,1.0035003500350035,0.9950724352025229,1.0043577300188173,1.0041416033921704,1.0062786525812237,1.000900900900901,0.9755121951219512,0.993965349425735,1.0015024038461537,1.000900900900901,1.0148014801480147,1.0064058342367204,1.0,1.0055920729912684,1.0006833935370496,0.9961217762264882,0.9799764428739695,1.0055920729912684,0.9746341463414635,1.0023414634146341,1.0006009615384615,1.005398508048685,1.0023485663959293,1.0077186126038105,1.0163607342378291,1.005398508048685,0.9951186175925022,1.0069315630186468,1.0004907734589714,1.0034367635506676,0.99011723670187,0.9863158909125952,0.9870999507631708,1.0034367635506676,0.9969664350719248,1.0015657109306193,1.0163607342378291,DOWN,MAA
39,2018-12-13,0.0,0.8288480016497696,0.0,1.0074791956437663,0.0,1.2298685473679365,0.0,0.8235924687475028,0.0,1.3397285701876571,100.59,103.52,99.07,103.42,102.4015,0.0,1.5387880328808046,2018-12-04,103.32,103.52,100.86,101.0,100.0053,0.0,1.6309814033829815,1.000900900900901,0.9755121951219512,0.993965349425735,1.0015024038461537,1.000900900900901,1.0148014801480147,1.0064058342367204,1.0,1.0055920729912684,1.0006833935370496,0.9961217762264882,0.9799764428739695,1.0055920729912684,0.9746341463414635,1.0023414634146341,1.0006009615384615,1.005398508048685,1.0023485663959293,1.0077186126038105,1.0163607342378291,1.005398508048685,0.9951186175925022,1.0069315630186468,1.0004907734589714,1.0034367635506676,0.99011723670187,0.9863158909125952,0.9870999507631708,1.0034367635506676,0.9969664350719248,1.0015657109306193,1.0163607342378291,0.9979694449816282,1.0260463266726314,1.0024149922720247,1.025032805087312,0.9979694449816282,0.9867260924329039,1.0054258308303459,1.0028557360905959,UP,MAA
40,2018-12-12,0.0,1.0074791956437663,0.0,1.2298685473679365,0.0,0.8235924687475028,0.0,1.3397285701876571,0.0,1.5387880328808046,103.32,103.52,100.86,101.0,100.0053,0.0,1.6309814033829815,2018-12-03,103.49,103.88,102.75,103.39,102.3718,0.0,1.009002315542257,1.0055920729912684,1.0006833935370496,0.9961217762264882,0.9799764428739695,1.0055920729912684,0.9746341463414635,1.0023414634146341,1.0006009615384615,1.005398508048685,1.0023485663959293,1.0077186126038105,1.0163607342378291,1.005398508048685,0.9951186175925022,1.0069315630186468,1.0004907734589714,1.0034367635506676,0.99011723670187,0.9863158909125952,0.9870999507631708,1.0034367635506676,0.9969664350719248,1.0015657109306193,1.0163607342378291,0.9979694449816282,1.0260463266726314,1.0024149922720247,1.025032805087312,0.9979694449816282,0.9867260924329039,1.0054258308303459,1.0028557360905959,0.9959405940594059,0.9735772357723578,1.0,0.9822526274043227,0.9959405940594059,1.0281340093448652,1.0009669309611293,1.0153426869889979,UP,MAA
41,2018-12-11,0.0,1.2298685473679365,0.0,0.8235924687475028,0.0,1.3397285701876571,0.0,1.5387880328808046,0.0,1.6309814033829815,103.49,103.88,102.75,103.39,102.3718,0.0,1.009002315542257,2018-11-30,102.71,103.61,102.09,103.56,102.5401,0.0,1.152761756385557,1.005398508048685,1.0023485663959293,1.0077186126038105,1.0163607342378291,1.005398508048685,0.9951186175925022,1.0069315630186468,1.0004907734589714,1.0034367635506676,0.99011723670187,0.9863158909125952,0.9870999507631708,1.0034367635506676,0.9969664350719248,1.0015657109306193,1.0163607342378291,0.9979694449816282,1.0260463266726314,1.0024149922720247,1.025032805087312,0.9979694449816282,0.9867260924329039,1.0054258308303459,1.0028557360905959,0.9959405940594059,0.9735772357723578,1.0,0.9822526274043227,0.9959405940594059,1.0281340093448652,1.0009669309611293,1.0153426869889979,0.999322951929587,0.9983573292105518,0.9965344628417405,0.9816058394160584,0.999322951929587,0.9775454897406117,1.0019357336430508,1.0013880626611145,UP,MAA
42,2018-12-10,0.0,0.8235924687475028,0.0,1.3397285701876571,0.0,1.5387880328808046,0.0,1.6309814033829815,0.0,1.009002315542257,102.71,103.61,102.09,103.56,102.5401,0.0,1.152761756385557,2018-11-29,102.5,102.77,101.33,102.22,101.2133,0.0,0.6456643715147286,1.0034367635506676,0.99011723670187,0.9863158909125952,0.9870999507631708,1.0034367635506676,0.9969664350719248,1.0015657109306193,1.0163607342378291,0.9979694449816282,1.0260463266726314,1.0024149922720247,1.025032805087312,0.9979694449816282,0.9867260924329039,1.0054258308303459,1.0028557360905959,0.9959405940594059,0.9735772357723578,1.0,0.9822526274043227,0.9959405940594059,1.0281340093448652,1.0009669309611293,1.0153426869889979,0.999322951929587,0.9983573292105518,0.9965344628417405,0.9816058394160584,0.999322951929587,0.9775454897406117,1.0019357336430508,1.0013880626611145,0.9993240633449207,1.0075941972544056,1.0026059260689122,1.0064648839259476,0.9993240633449207,0.9990337230650305,1.0037684800463813,1.0062287104622871,UP,MAA
43,2018-12-07,0.0,1.3397285701876571,0.0,1.5387880328808046,0.0,1.6309814033829815,0.0,1.009002315542257,0.0,1.152761756385557,102.5,102.77,101.33,102.22,101.2133,0.0,0.6456643715147286,2018-11-28,101.94,102.72,101.18,102.55,101.5401,0.0,0.9912987391059618,0.9979694449816282,1.0260463266726314,1.0024149922720247,1.025032805087312,0.9979694449816282,0.9867260924329039,1.0054258308303459,1.0028557360905959,0.9959405940594059,0.9735772357723578,1.0,0.9822526274043227,0.9959405940594059,1.0281340093448652,1.0009669309611293,1.0153426869889979,0.999322951929587,0.9983573292105518,0.9965344628417405,0.9816058394160584,0.999322951929587,0.9775454897406117,1.0019357336430508,1.0013880626611145,0.9993240633449207,1.0075941972544056,1.0026059260689122,1.0064648839259476,0.9993240633449207,0.9990337230650305,1.0037684800463813,1.0062287104622871,1.004793582469184,1.0020487804878049,1.0081735915150336,1.007500246718642,1.004793582469184,1.008275727777237,1.000482811896485,1.0060730727789204,DOWN,MAA
44,2018-12-06,0.0,1.5387880328808046,0.0,1.6309814033829815,0.0,1.009002315542257,0.0,1.152761756385557,0.0,0.6456643715147286,101.94,102.72,101.18,102.55,101.5401,0.0,0.9912987391059618,2018-11-27,101.41,102.19,101.04,102.07,101.0648,0.0,0.85271790591753,0.9959405940594059,0.9735772357723578,1.0,0.9822526274043227,0.9959405940594059,1.0281340093448652,1.0009669309611293,1.0153426869889979,0.999322951929587,0.9983573292105518,0.9965344628417405,0.9816058394160584,0.999322951929587,0.9775454897406117,1.0019357336430508,1.0013880626611145,0.9993240633449207,1.0075941972544056,1.0026059260689122,1.0064648839259476,0.9993240633449207,0.9990337230650305,1.0037684800463813,1.0062287104622871,1.004793582469184,1.0020487804878049,1.0081735915150336,1.007500246718642,1.004793582469184,1.008275727777237,1.000482811896485,1.0060730727789204,0.999512432959532,1.0054934275063763,1.0004867601246106,1.0014825064241943,0.999512432959532,0.9972682926829268,1.0026341463414634,1.008783183657357,DOWN,MAA
45,2018-12-04,0.0,1.6309814033829815,0.0,1.009002315542257,0.0,1.152761756385557,0.0,0.6456643715147286,0.0,0.9912987391059618,101.41,102.19,101.04,102.07,101.0648,0.0,0.85271790591753,2018-11-26,101.32,101.46,100.31,101.45,100.4509,0.0,0.854951815101983,0.999322951929587,0.9983573292105518,0.9965344628417405,0.9816058394160584,0.999322951929587,0.9775454897406117,1.0019357336430508,1.0013880626611145,0.9993240633449207,1.0075941972544056,1.0026059260689122,1.0064648839259476,0.9993240633449207,0.9990337230650305,1.0037684800463813,1.0062287104622871,1.004793582469184,1.0020487804878049,1.0081735915150336,1.007500246718642,1.004793582469184,1.008275727777237,1.000482811896485,1.0060730727789204,0.999512432959532,1.0054934275063763,1.0004867601246106,1.0014825064241943,0.999512432959532,0.9972682926829268,1.0026341463414634,1.008783183657357,0.9987263642598218,1.0052263090425007,1.0051864174576768,1.0013855898653998,0.9987263642598218,1.00598391210516,1.0016577279375913,1.0075113658825854,DOWN,MAA
46,2018-12-03,0.0,1.009002315542257,0.0,1.152761756385557,0.0,0.6456643715147286,0.0,0.9912987391059618,0.0,0.85271790591753,101.32,101.46,100.31,101.45,100.4509,0.0,0.854951815101983,2018-11-23,101.09,101.51,100.19,100.79,99.7974,0.0,0.21656149498125837,0.9993240633449207,1.0075941972544056,1.0026059260689122,1.0064648839259476,0.9993240633449207,0.9990337230650305,1.0037684800463813,1.0062287104622871,1.004793582469184,1.0020487804878049,1.0081735915150336,1.007500246718642,1.004793582469184,1.008275727777237,1.000482811896485,1.0060730727789204,0.999512432959532,1.0054934275063763,1.0004867601246106,1.0014825064241943,0.999512432959532,0.9972682926829268,1.0026341463414634,1.008783183657357,0.9987263642598218,1.0052263090425007,1.0051864174576768,1.0013855898653998,0.9987263642598218,1.00598391210516,1.0016577279375913,1.0075113658825854,0.9996057171020206,1.0008882747729966,1.0071949536763256,1.007277439936198,0.9996057171020206,1.006508233901982,1.0011756637601645,1.0036619160728424,DOWN,MAA
47,2018-11-30,0.0,1.152761756385557,0.0,0.6456643715147286,0.0,0.9912987391059618,0.0,0.85271790591753,0.0,0.854951815101983,101.09,101.51,100.19,100.79,99.7974,0.0,0.21656149498125837,2018-11-21,100.82,102.11,100.19,101.1,100.1043,0.0,0.75538746739408,1.004793582469184,1.0020487804878049,1.0081735915150336,1.007500246718642,1.004793582469184,1.008275727777237,1.000482811896485,1.0060730727789204,0.999512432959532,1.0054934275063763,1.0004867601246106,1.0014825064241943,0.999512432959532,0.9972682926829268,1.0026341463414634,1.008783183657357,0.9987263642598218,1.0052263090425007,1.0051864174576768,1.0013855898653998,0.9987263642598218,1.00598391210516,1.0016577279375913,1.0075113658825854,0.9996057171020206,1.0008882747729966,1.0071949536763256,1.007277439936198,0.9996057171020206,1.006508233901982,1.0011756637601645,1.0036619160728424,1.005258458180375,1.0022752003165496,0.9995074376908678,1.0011977243237848,1.005258458180375,1.001283063560995,1.0000985707244947,1.0100687867610407,UP,MAA
48,2018-11-29,0.0,0.6456643715147286,0.0,0.9912987391059618,0.0,0.85271790591753,0.0,0.854951815101983,0.0,0.21656149498125837,100.82,102.11,100.19,101.1,100.1043,0.0,0.75538746739408,2018-11-20,101.43,101.94,100.26,100.93,99.936,0.0,0.7406516670024197,0.999512432959532,1.0054934275063763,1.0004867601246106,1.0014825064241943,0.999512432959532,0.9972682926829268,1.0026341463414634,1.008783183657357,0.9987263642598218,1.0052263090425007,1.0051864174576768,1.0013855898653998,0.9987263642598218,1.00598391210516,1.0016577279375913,1.0075113658825854,0.9996057171020206,1.0008882747729966,1.0071949536763256,1.007277439936198,0.9996057171020206,1.006508233901982,1.0011756637601645,1.0036619160728424,1.005258458180375,1.0022752003165496,0.9995074376908678,1.0011977243237848,1.005258458180375,1.001283063560995,1.0000985707244947,1.0100687867610407,0.9999010880316519,1.0026780400714146,0.9941239839388895,1.0,0.9999010880316519,0.9970323474131962,1.0041547136215254,1.0059886216189242,DOWN,MAA
49,2018-11-28,0.0,0.9912987391059618,0.0,0.85271790591753,0.0,0.854951815101983,0.0,0.21656149498125837,0.0,0.75538746739408,101.43,101.94,100.26,100.93,99.936,0.0,0.7406516670024197,2018-11-19,101.01,101.81,100.32,101.45,100.4509,0.0,0.6577708669503075,0.9987263642598218,1.0052263090425007,1.0051864174576768,1.0013855898653998,0.9987263642598218,1.00598391210516,1.0016577279375913,1.0075113658825854,0.9996057171020206,1.0008882747729966,1.0071949536763256,1.007277439936198,0.9996057171020206,1.006508233901982,1.0011756637601645,1.0036619160728424,1.005258458180375,1.0022752003165496,0.9995074376908678,1.0011977243237848,1.005258458180375,1.001283063560995,1.0000985707244947,1.0100687867610407,0.9999010880316519,1.0026780400714146,0.9941239839388895,1.0,0.9999010880316519,0.9970323474131962,1.0041547136215254,1.0059886216189242,0.9989101357376398,0.9939860001971802,1.0016676476358644,0.9993018152802712,0.9989101357376398,1.002777226740726,1.0099901088031653,1.00628805269987,DOWN,MAA
50,2018-11-27,0.0,0.85271790591753,0.0,0.854951815101983,0.0,0.21656149498125837,0.0,0.75538746739408,0.0,0.7406516670024197,101.01,101.81,100.32,101.45,100.4509,0.0,0.6577708669503075,2018-11-16,98.97,101.13,98.72,101.03,100.035,0.0,0.9637410384779164,0.9996057171020206,1.0008882747729966,1.0071949536763256,1.007277439936198,0.9996057171020206,1.006508233901982,1.0011756637601645,1.0036619160728424,1.005258458180375,1.0022752003165496,0.9995074376908678,1.0011977243237848,1.005258458180375,1.001283063560995,1.0000985707244947,1.0100687867610407,0.9999010880316519,1.0026780400714146,0.9941239839388895,1.0,0.9999010880316519,0.9970323474131962,1.0041547136215254,1.0059886216189242,0.9989101357376398,0.9939860001971802,1.0016676476358644,0.9993018152802712,0.9989101357376398,1.002777226740726,1.0099901088031653,1.00628805269987,0.9998028585510104,1.0041580041580043,1.001276888321383,0.9994019138755982,0.9998028585510104,0.9950704919649019,1.0050280981958,1.0066826251745462,DOWN,MAA
51,2018-11-26,0.0,0.854951815101983,0.0,0.21656149498125837,0.0,0.75538746739408,0.0,0.7406516670024197,0.0,0.6577708669503075,98.97,101.13,98.72,101.03,100.035,0.0,0.9637410384779164,2018-11-15,99.73,99.96,97.99,99.0,98.025,0.0,0.7263912646396823,1.005258458180375,1.0022752003165496,0.9995074376908678,1.0011977243237848,1.005258458180375,1.001283063560995,1.0000985707244947,1.0100687867610407,0.9999010880316519,1.0026780400714146,0.9941239839388895,1.0,0.9999010880316519,0.9970323474131962,1.0041547136215254,1.0059886216189242,0.9989101357376398,0.9939860001971802,1.0016676476358644,0.9993018152802712,0.9989101357376398,1.002777226740726,1.0099901088031653,1.00628805269987,0.9998028585510104,1.0041580041580043,1.001276888321383,0.9994019138755982,0.9998028585510104,0.9950704919649019,1.0050280981958,1.0066826251745462,0.9998020389983173,1.0206123067596242,1.0067240185899338,1.0162074554294975,0.9998020389983173,1.0043560043560043,1.0035485460818137,1.0068779904306222,UP,MAA
52,2018-11-23,0.0,0.21656149498125837,0.0,0.75538746739408,0.0,0.7406516670024197,0.0,0.6577708669503075,0.0,0.9637410384779164,99.73,99.96,97.99,99.0,98.025,0.0,0.7263912646396823,2018-11-14,101.69,101.81,100.21,100.34,99.3518,0.0,0.711758544079536,0.9999010880316519,1.0026780400714146,0.9941239839388895,1.0,0.9999010880316519,0.9970323474131962,1.0041547136215254,1.0059886216189242,0.9989101357376398,0.9939860001971802,1.0016676476358644,0.9993018152802712,0.9989101357376398,1.002777226740726,1.0099901088031653,1.00628805269987,0.9998028585510104,1.0041580041580043,1.001276888321383,0.9994019138755982,0.9998028585510104,0.9950704919649019,1.0050280981958,1.0066826251745462,0.9998020389983173,1.0206123067596242,1.0067240185899338,1.0162074554294975,0.9998020389983173,1.0043560043560043,1.0035485460818137,1.0068779904306222,0.9996969696969696,0.9923794244460041,1.011704681872749,1.0074497397693642,0.9996969696969696,1.020814388198444,1.0009898050084134,1.002532414910859,DOWN,MAA
53,2018-11-21,0.0,0.75538746739408,0.0,0.7406516670024197,0.0,0.6577708669503075,0.0,0.9637410384779164,0.0,0.7263912646396823,101.69,101.81,100.21,100.34,99.3518,0.0,0.711758544079536,2018-11-13,101.14,101.8,100.31,101.56,100.5598,0.0,1.056466731692091,0.9989101357376398,0.9939860001971802,1.0016676476358644,0.9993018152802712,0.9989101357376398,1.002777226740726,1.0099901088031653,1.00628805269987,0.9998028585510104,1.0041580041580043,1.001276888321383,0.9994019138755982,0.9998028585510104,0.9950704919649019,1.0050280981958,1.0066826251745462,0.9998020389983173,1.0206123067596242,1.0067240185899338,1.0162074554294975,0.9998020389983173,1.0043560043560043,1.0035485460818137,1.0068779904306222,0.9996969696969696,0.9923794244460041,1.011704681872749,1.0074497397693642,0.9996969696969696,1.020814388198444,1.0009898050084134,1.002532414910859,0.993920669722942,0.9807257350771954,0.9818288969649346,0.9778465223031634,0.993920669722942,0.992680236638925,1.0023062268123935,1.010307174201449,DOWN,MAA
54,2018-11-20,0.0,0.7406516670024197,0.0,0.6577708669503075,0.0,0.9637410384779164,0.0,0.7263912646396823,0.0,0.711758544079536,101.14,101.8,100.31,101.56,100.5598,0.0,1.056466731692091,2018-11-12,100.65,101.86,100.605,100.98,99.9855,0.0,0.8214170227510726,0.9998028585510104,1.0041580041580043,1.001276888321383,0.9994019138755982,0.9998028585510104,0.9950704919649019,1.0050280981958,1.0066826251745462,0.9998020389983173,1.0206123067596242,1.0067240185899338,1.0162074554294975,0.9998020389983173,1.0043560043560043,1.0035485460818137,1.0068779904306222,0.9996969696969696,0.9923794244460041,1.011704681872749,1.0074497397693642,0.9996969696969696,1.020814388198444,1.0009898050084134,1.002532414910859,0.993920669722942,0.9807257350771954,0.9818288969649346,0.9778465223031634,0.993920669722942,0.992680236638925,1.0023062268123935,1.010307174201449,1.0012800315084678,1.0054380067233537,1.000098231827112,0.9990030904196988,1.0012800315084678,0.9867243583439866,1.00118005703609,1.001297275720986,DOWN,MAA
55,2018-11-19,0.0,0.6577708669503075,0.0,0.9637410384779164,0.0,0.7263912646396823,0.0,0.711758544079536,0.0,1.056466731692091,100.65,101.86,100.605,100.98,99.9855,0.0,0.8214170227510726,2018-11-09,99.9,100.61,99.68,100.52,99.5301,0.0,0.6823684840584578,0.9998020389983173,1.0206123067596242,1.0067240185899338,1.0162074554294975,0.9998020389983173,1.0043560043560043,1.0035485460818137,1.0068779904306222,0.9996969696969696,0.9923794244460041,1.011704681872749,1.0074497397693642,0.9996969696969696,1.020814388198444,1.0009898050084134,1.002532414910859,0.993920669722942,0.9807257350771954,0.9818288969649346,0.9778465223031634,0.993920669722942,0.992680236638925,1.0023062268123935,1.010307174201449,1.0012800315084678,1.0054380067233537,1.000098231827112,0.9990030904196988,1.0012800315084678,0.9867243583439866,1.00118005703609,1.001297275720986,1.0015844721727074,1.0048683556880278,0.9994109562144119,0.9970677401719596,1.0015844721727074,1.004152659679652,1.0023631350925561,1.0082743495164987,DOWN,MAA
56,2018-11-16,0.0,0.9637410384779164,0.0,0.7263912646396823,0.0,0.711758544079536,0.0,1.056466731692091,0.0,0.8214170227510726,99.9,100.61,99.68,100.52,99.5301,0.0,0.6823684840584578,2018-11-08,98.14,100.0,97.645,99.89,98.9063,0.0,0.8381651876146782,0.9996969696969696,0.9923794244460041,1.011704681872749,1.0074497397693642,0.9996969696969696,1.020814388198444,1.0009898050084134,1.002532414910859,0.993920669722942,0.9807257350771954,0.9818288969649346,0.9778465223031634,0.993920669722942,0.992680236638925,1.0023062268123935,1.010307174201449,1.0012800315084678,1.0054380067233537,1.000098231827112,0.9990030904196988,1.0012800315084678,0.9867243583439866,1.00118005703609,1.001297275720986,1.0015844721727074,1.0048683556880278,0.9994109562144119,0.9970677401719596,1.0015844721727074,1.004152659679652,1.0023631350925561,1.0082743495164987,1.0012932749701553,1.0075075075075075,1.0124242123049398,1.009279695024077,1.0012932749701553,1.0032786885245901,1.008714596949891,1.0004472938720739,DOWN,MAA
57,2018-11-15,0.0,0.7263912646396823,0.0,0.711758544079536,0.0,1.056466731692091,0.0,0.8214170227510726,0.0,0.6823684840584578,98.14,100.0,97.645,99.89,98.9063,0.0,0.8381651876146782,2018-11-07,98.48,98.78,97.64,98.39,97.421,0.0,1.4583980723394563,0.993920669722942,0.9807257350771954,0.9818288969649346,0.9778465223031634,0.993920669722942,0.992680236638925,1.0023062268123935,1.010307174201449,1.0012800315084678,1.0054380067233537,1.000098231827112,0.9990030904196988,1.0012800315084678,0.9867243583439866,1.00118005703609,1.001297275720986,1.0015844721727074,1.0048683556880278,0.9994109562144119,0.9970677401719596,1.0015844721727074,1.004152659679652,1.0023631350925561,1.0082743495164987,1.0012932749701553,1.0075075075075075,1.0124242123049398,1.009279695024077,1.0012932749701553,1.0032786885245901,1.008714596949891,1.0004472938720739,1.0001001101211333,1.0179335642959038,1.0061,1.0208408008602592,1.0001001101211333,1.006206206206206,1.0008953442101074,1.002207062600321,DOWN,MAA
58,2018-11-14,0.0,0.711758544079536,0.0,1.056466731692091,0.0,0.8214170227510726,0.0,0.6823684840584578,0.0,0.8381651876146782,98.48,98.78,97.64,98.39,97.421,0.0,1.4583980723394563,2018-11-06,97.71,98.54,97.22,97.85,96.8864,0.0,1.2014923621075708,1.0012800315084678,1.0054380067233537,1.000098231827112,0.9990030904196988,1.0012800315084678,0.9867243583439866,1.00118005703609,1.001297275720986,1.0015844721727074,1.0048683556880278,0.9994109562144119,0.9970677401719596,1.0015844721727074,1.004152659679652,1.0023631350925561,1.0082743495164987,1.0012932749701553,1.0075075075075075,1.0124242123049398,1.009279695024077,1.0012932749701553,1.0032786885245901,1.008714596949891,1.0004472938720739,1.0001001101211333,1.0179335642959038,1.0061,1.0208408008602592,1.0001001101211333,1.006206206206206,1.0008953442101074,1.002207062600321,0.9974590913710742,0.9965475223395613,1.0123506782749545,1.000051208521098,0.9974590913710742,1.0178316690442226,1.0011012113324658,1.005069383993036,UP,MAA
59,2018-11-13,0.0,1.056466731692091,0.0,0.8214170227510726,0.0,0.6823684840584578,0.0,0.8381651876146782,0.0,1.4583980723394563,97.71,98.54,97.22,97.85,96.8864,0.0,1.2014923621075708,2018-11-05,96.56,97.7437,96.535,97.36,96.4012,0.0,1.13163346793508,1.0015844721727074,1.0048683556880278,0.9994109562144119,0.9970677401719596,1.0015844721727074,1.004152659679652,1.0023631350925561,1.0082743495164987,1.0012932749701553,1.0075075075075075,1.0124242123049398,1.009279695024077,1.0012932749701553,1.0032786885245901,1.008714596949891,1.0004472938720739,1.0001001101211333,1.0179335642959038,1.0061,1.0208408008602592,1.0001001101211333,1.006206206206206,1.0008953442101074,1.002207062600321,0.9974590913710742,0.9965475223395613,1.0123506782749545,1.000051208521098,0.9974590913710742,1.0178316690442226,1.0011012113324658,1.005069383993036,1.0064384261624937,1.0078804625933888,1.0024355591637912,1.0043200987451142,1.0064384261624937,0.9990861088545897,1.0030463038180342,1.0076812781646867,UP,MAA
60,2018-11-12,0.0,0.8214170227510726,0.0,0.6823684840584578,0.0,0.8381651876146782,0.0,1.4583980723394563,0.0,1.2014923621075708,96.56,97.7437,96.535,97.36,96.4012,0.0,1.13163346793508,2018-11-02,98.05,98.315,95.81,96.46,95.51,0.0,1.2188436209107807,1.0012932749701553,1.0075075075075075,1.0124242123049398,1.009279695024077,1.0012932749701553,1.0032786885245901,1.008714596949891,1.0004472938720739,1.0001001101211333,1.0179335642959038,1.0061,1.0208408008602592,1.0001001101211333,1.006206206206206,1.0008953442101074,1.002207062600321,0.9974590913710742,0.9965475223395613,1.0123506782749545,1.000051208521098,0.9974590913710742,1.0178316690442226,1.0011012113324658,1.005069383993036,1.0064384261624937,1.0078804625933888,1.0024355591637912,1.0043200987451142,1.0064384261624937,0.9990861088545897,1.0030463038180342,1.0076812781646867,1.003594905505341,1.0119096934548466,1.0081468166234755,1.0070958719635366,1.003594905505341,1.0014328113806161,1.0070516096065407,1.0050401152026331,UP,MAA
61,2018-11-09,0.0,0.6823684840584578,0.0,0.8381651876146782,0.0,1.4583980723394563,0.0,1.2014923621075708,0.0,1.13163346793508,98.05,98.315,95.81,96.46,95.51,0.0,1.2188436209107807,2018-11-01,99.13,99.13,96.59,98.19,97.223,0.0,1.4465054290916455,1.0001001101211333,1.0179335642959038,1.0061,1.0208408008602592,1.0001001101211333,1.006206206206206,1.0008953442101074,1.002207062600321,0.9974590913710742,0.9965475223395613,1.0123506782749545,1.000051208521098,0.9974590913710742,1.0178316690442226,1.0011012113324658,1.005069383993036,1.0064384261624937,1.0078804625933888,1.0024355591637912,1.0043200987451142,1.0064384261624937,0.9990861088545897,1.0030463038180342,1.0076812781646867,1.003594905505341,1.0119096934548466,1.0081468166234755,1.0070958719635366,1.003594905505341,1.0014328113806161,1.0070516096065407,1.0050401152026331,1.001036699149907,0.9848036715961245,0.9941890861007985,1.0075670598058657,1.001036699149907,1.008285004142502,1.0039410435497125,1.0002589734293261,UP,MAA
62,2018-11-08,0.0,0.8381651876146782,0.0,1.4583980723394563,0.0,1.2014923621075708,0.0,1.13163346793508,0.0,1.2188436209107807,99.13,99.13,96.59,98.19,97.223,0.0,1.4465054290916455,2018-10-31,99.86,99.86,97.3,97.71,96.7477,0.0,1.329454434145111,0.9974590913710742,0.9965475223395613,1.0123506782749545,1.000051208521098,0.9974590913710742,1.0178316690442226,1.0011012113324658,1.005069383993036,1.0064384261624937,1.0078804625933888,1.0024355591637912,1.0043200987451142,1.0064384261624937,0.9990861088545897,1.0030463038180342,1.0076812781646867,1.003594905505341,1.0119096934548466,1.0081468166234755,1.0070958719635366,1.003594905505341,1.0014328113806161,1.0070516096065407,1.0050401152026331,1.001036699149907,0.9848036715961245,0.9941890861007985,1.0075670598058657,1.001036699149907,1.008285004142502,1.0039410435497125,1.0002589734293261,0.9985741928913331,0.9891052153737516,0.9917784727125997,0.9919246298788694,0.9985741928913331,0.9837837837837837,1.0027027027027027,1.0067842605156037,DOWN,MAA
63,2018-11-07,0.0,1.4583980723394563,0.0,1.2014923621075708,0.0,1.13163346793508,0.0,1.2188436209107807,0.0,1.4465054290916455,99.86,99.86,97.3,97.71,96.7477,0.0,1.329454434145111,2018-10-30,100.01,101.1,99.57,100.0,99.0152,0.0,0.9239629930481422,1.0064384261624937,1.0078804625933888,1.0024355591637912,1.0043200987451142,1.0064384261624937,0.9990861088545897,1.0030463038180342,1.0076812781646867,1.003594905505341,1.0119096934548466,1.0081468166234755,1.0070958719635366,1.003594905505341,1.0014328113806161,1.0070516096065407,1.0050401152026331,1.001036699149907,0.9848036715961245,0.9941890861007985,1.0075670598058657,1.001036699149907,1.008285004142502,1.0039410435497125,1.0002589734293261,0.9985741928913331,0.9891052153737516,0.9917784727125997,0.9919246298788694,0.9985741928913331,0.9837837837837837,1.0027027027027027,1.0067842605156037,1.014532801146249,0.9926897656719407,0.9926897656719407,0.9927029804727647,1.014532801146249,0.9905175022697468,1.0,1.0165648617869345,UP,MAA
64,2018-11-06,0.0,1.2014923621075708,0.0,1.13163346793508,0.0,1.2188436209107807,0.0,1.4465054290916455,0.0,1.329454434145111,100.01,101.1,99.57,100.0,99.0152,0.0,0.9239629930481422,2018-10-29,98.61,99.99,98.42,99.6,98.6191,0.0,0.7077199685911137,1.003594905505341,1.0119096934548466,1.0081468166234755,1.0070958719635366,1.003594905505341,1.0014328113806161,1.0070516096065407,1.0050401152026331,1.001036699149907,0.9848036715961245,0.9941890861007985,1.0075670598058657,1.001036699149907,1.008285004142502,1.0039410435497125,1.0002589734293261,0.9985741928913331,0.9891052153737516,0.9917784727125997,0.9919246298788694,0.9985741928913331,0.9837837837837837,1.0027027027027027,1.0067842605156037,1.014532801146249,0.9926897656719407,0.9926897656719407,0.9927029804727647,1.014532801146249,0.9905175022697468,1.0,1.0165648617869345,0.9986,0.9985001499850015,0.987734915924827,0.977201968464397,0.9986,0.9784698578009212,1.0,1.004213771839671,UP,MAA
65,2018-11-05,0.0,1.13163346793508,0.0,1.2188436209107807,0.0,1.4465054290916455,0.0,1.329454434145111,0.0,0.9239629930481422,98.61,99.99,98.42,99.6,98.6191,0.0,0.7077199685911137,2018-10-26,100.0,100.0,97.3,97.87,96.9062,0.0,1.0668824101898506,1.001036699149907,0.9848036715961245,0.9941890861007985,1.0075670598058657,1.001036699149907,1.008285004142502,1.0039410435497125,1.0002589734293261,0.9985741928913331,0.9891052153737516,0.9917784727125997,0.9919246298788694,0.9985741928913331,0.9837837837837837,1.0027027027027027,1.0067842605156037,1.014532801146249,0.9926897656719407,0.9926897656719407,0.9927029804727647,1.014532801146249,0.9905175022697468,1.0,1.0165648617869345,0.9986,0.9985001499850015,0.987734915924827,0.977201968464397,0.9986,0.9784698578009212,1.0,1.004213771839671,1.0041164658634538,1.0141973430686544,1.011101110111011,1.0116846169477747,1.0041164658634538,0.9999000099990001,1.010898910108989,1.0043185698503565,UP,MAA
66,2018-11-02,0.0,1.2188436209107807,0.0,1.4465054290916455,0.0,1.329454434145111,0.0,0.9239629930481422,0.0,0.7077199685911137,100.0,100.0,97.3,97.87,96.9062,0.0,1.0668824101898506,2018-10-25,99.06,100.71,97.95,100.03,99.0449,0.0,1.1705407195643027,0.9985741928913331,0.9891052153737516,0.9917784727125997,0.9919246298788694,0.9985741928913331,0.9837837837837837,1.0027027027027027,1.0067842605156037,1.014532801146249,0.9926897656719407,0.9926897656719407,0.9927029804727647,1.014532801146249,0.9905175022697468,1.0,1.0165648617869345,0.9986,0.9985001499850015,0.987734915924827,0.977201968464397,0.9986,0.9784698578009212,1.0,1.004213771839671,1.0041164658634538,1.0141973430686544,1.011101110111011,1.0116846169477747,1.0041164658634538,0.9999000099990001,1.010898910108989,1.0043185698503565,1.0075610503729437,0.9861,0.9998999999999999,1.0115107913669066,1.0075610503729437,1.0100395497414054,1.0039156626506025,1.0019305019305018,DOWN,MAA
67,2018-11-01,0.0,1.4465054290916455,0.0,1.329454434145111,0.0,0.9239629930481422,0.0,0.7077199685911137,0.0,1.0668824101898506,99.06,100.71,97.95,100.03,99.0449,0.0,1.1705407195643027,2018-10-24,97.73,100.14,97.61,99.09,98.1141,0.0,0.9479067455534053,1.014532801146249,0.9926897656719407,0.9926897656719407,0.9927029804727647,1.014532801146249,0.9905175022697468,1.0,1.0165648617869345,0.9986,0.9985001499850015,0.987734915924827,0.977201968464397,0.9986,0.9784698578009212,1.0,1.004213771839671,1.0041164658634538,1.0141973430686544,1.011101110111011,1.0116846169477747,1.0041164658634538,0.9999000099990001,1.010898910108989,1.0043185698503565,1.0075610503729437,0.9861,0.9998999999999999,1.0115107913669066,1.0075610503729437,1.0100395497414054,1.0039156626506025,1.0019305019305018,0.9997000899730081,1.0094891984655765,0.992950054612253,0.9933639612046962,0.9997000899730081,0.9787,1.0,1.005858170606372,UP,MAA
68,2018-10-31,0.0,1.329454434145111,0.0,0.9239629930481422,0.0,0.7077199685911137,0.0,1.0668824101898506,0.0,1.1705407195643027,97.73,100.14,97.61,99.09,98.1141,0.0,0.9479067455534053,2018-10-23,96.42,98.09,95.97,97.53,96.5695,0.0,0.7000859070392847,0.9986,0.9985001499850015,0.987734915924827,0.977201968464397,0.9986,0.9784698578009212,1.0,1.004213771839671,1.0041164658634538,1.0141973430686544,1.011101110111011,1.0116846169477747,1.0041164658634538,0.9999000099990001,1.010898910108989,1.0043185698503565,1.0075610503729437,0.9861,0.9998999999999999,1.0115107913669066,1.0075610503729437,1.0100395497414054,1.0039156626506025,1.0019305019305018,0.9997000899730081,1.0094891984655765,0.992950054612253,0.9933639612046962,0.9997000899730081,0.9787,1.0,1.005858170606372,0.9996972449288526,1.0136089225416964,1.005692031156381,1.0034832496670423,0.9996972449288526,1.0097920452251161,1.0067979606118165,1.011332312404288,DOWN,MAA
69,2018-10-30,0.0,0.9239629930481422,0.0,0.7077199685911137,0.0,1.0668824101898506,0.0,1.1705407195643027,0.0,0.9479067455534053,96.42,98.09,95.97,97.53,96.5695,0.0,0.7000859070392847,2018-10-22,99.5,99.74,96.98,97.0,96.0447,0.0,0.849030109557245,1.0041164658634538,1.0141973430686544,1.011101110111011,1.0116846169477747,1.0041164658634538,0.9999000099990001,1.010898910108989,1.0043185698503565,1.0075610503729437,0.9861,0.9998999999999999,1.0115107913669066,1.0075610503729437,1.0100395497414054,1.0039156626506025,1.0019305019305018,0.9997000899730081,1.0094891984655765,0.992950054612253,0.9933639612046962,0.9997000899730081,0.9787,1.0,1.005858170606372,0.9996972449288526,1.0136089225416964,1.005692031156381,1.0034832496670423,0.9996972449288526,1.0097920452251161,1.0067979606118165,1.011332312404288,1.0020506510817184,1.013586392864551,1.02089917422775,1.0170886735438158,1.0020506510817184,1.0139158907193289,1.0105964274901604,1.0012293822354268,UP,MAA
70,2018-10-29,0.0,0.7077199685911137,0.0,1.0668824101898506,0.0,1.1705407195643027,0.0,0.9479067455534053,0.0,0.7000859070392847,99.5,99.74,96.98,97.0,96.0447,0.0,0.849030109557245,2018-10-19,98.13,99.77,98.13,99.41,98.431,0.0,0.6799607238148843,1.0075610503729437,0.9861,0.9998999999999999,1.0115107913669066,1.0075610503729437,1.0100395497414054,1.0039156626506025,1.0019305019305018,0.9997000899730081,1.0094891984655765,0.992950054612253,0.9933639612046962,0.9997000899730081,0.9787,1.0,1.005858170606372,0.9996972449288526,1.0136089225416964,1.005692031156381,1.0034832496670423,0.9996972449288526,1.0097920452251161,1.0067979606118165,1.011332312404288,1.0020506510817184,1.013586392864551,1.02089917422775,1.0170886735438158,1.0020506510817184,1.0139158907193289,1.0105964274901604,1.0012293822354268,0.9940206185567011,0.9690452261306532,0.9834569881692401,0.9895854815425861,0.9940206185567011,1.0115121344119478,1.0057418230288118,1.0046889653016569,UP,MAA
71,2018-10-26,0.0,1.0668824101898506,0.0,1.1705407195643027,0.0,0.9479067455534053,0.0,0.7000859070392847,0.0,0.849030109557245,98.13,99.77,98.13,99.41,98.431,0.0,0.6799607238148843,2018-10-18,98.1,98.79,97.91,98.24,97.2725,0.0,0.7132339703246395,0.9997000899730081,1.0094891984655765,0.992950054612253,0.9933639612046962,0.9997000899730081,0.9787,1.0,1.005858170606372,0.9996972449288526,1.0136089225416964,1.005692031156381,1.0034832496670423,0.9996972449288526,1.0097920452251161,1.0067979606118165,1.011332312404288,1.0020506510817184,1.013586392864551,1.02089917422775,1.0170886735438158,1.0020506510817184,1.0139158907193289,1.0105964274901604,1.0012293822354268,0.9940206185567011,0.9690452261306532,0.9834569881692401,0.9895854815425861,0.9940206185567011,1.0115121344119478,1.0057418230288118,1.0046889653016569,1.0009053415149383,1.0139610720472843,0.9996993084093415,0.9882808519311119,1.0009053415149383,0.9748743718592965,1.0024120603015074,1.0002062280882655,DOWN,MAA
72,2018-10-25,0.0,1.1705407195643027,0.0,0.9479067455534053,0.0,0.7000859070392847,0.0,0.849030109557245,0.0,0.6799607238148843,98.1,98.79,97.91,98.24,97.2725,0.0,0.7132339703246395,2018-10-17,97.95,98.62,97.1,98.11,97.1438,0.0,0.7163986750026147,0.9996972449288526,1.0136089225416964,1.005692031156381,1.0034832496670423,0.9996972449288526,1.0097920452251161,1.0067979606118165,1.011332312404288,1.0020506510817184,1.013586392864551,1.02089917422775,1.0170886735438158,1.0020506510817184,1.0139158907193289,1.0105964274901604,1.0012293822354268,0.9940206185567011,0.9690452261306532,0.9834569881692401,0.9895854815425861,0.9940206185567011,1.0115121344119478,1.0057418230288118,1.0046889653016569,1.0009053415149383,1.0139610720472843,0.9996993084093415,0.9882808519311119,1.0009053415149383,0.9748743718592965,1.0024120603015074,1.0002062280882655,0.9988802931596091,1.0003058103975535,1.0099200323919424,1.0022469614952507,0.9988802931596091,1.0130439213288496,1.0036213660597526,1.0,DOWN,MAA
73,2018-10-24,0.0,0.9479067455534053,0.0,0.7000859070392847,0.0,0.849030109557245,0.0,0.6799607238148843,0.0,0.7132339703246395,97.95,98.62,97.1,98.11,97.1438,0.0,0.7163986750026147,2018-10-16,96.58,98.55,95.82,98.24,97.2725,0.0,1.103577291703892,1.0020506510817184,1.013586392864551,1.02089917422775,1.0170886735438158,1.0020506510817184,1.0139158907193289,1.0105964274901604,1.0012293822354268,0.9940206185567011,0.9690452261306532,0.9834569881692401,0.9895854815425861,0.9940206185567011,1.0115121344119478,1.0057418230288118,1.0046889653016569,1.0009053415149383,1.0139610720472843,0.9996993084093415,0.9882808519311119,1.0009053415149383,0.9748743718592965,1.0024120603015074,1.0002062280882655,0.9988802931596091,1.0003058103975535,1.0099200323919424,1.0022469614952507,0.9988802931596091,1.0130439213288496,1.0036213660597526,1.0,0.9998980735908674,1.001531393568147,1.0017237882782397,1.0083419155509783,0.9998980735908674,1.0014271151885832,1.0055985342019544,1.0019405576549893,UP,MAA
74,2018-10-23,0.0,0.7000859070392847,0.0,0.849030109557245,0.0,0.6799607238148843,0.0,0.7132339703246395,0.0,0.7163986750026147,96.58,98.55,95.82,98.24,97.2725,0.0,1.103577291703892,2018-10-15,94.47,97.37,94.27,96.32,95.3714,0.0,1.2007954193661403,0.9940206185567011,0.9690452261306532,0.9834569881692401,0.9895854815425861,0.9940206185567011,1.0115121344119478,1.0057418230288118,1.0046889653016569,1.0009053415149383,1.0139610720472843,0.9996993084093415,0.9882808519311119,1.0009053415149383,0.9748743718592965,1.0024120603015074,1.0002062280882655,0.9988802931596091,1.0003058103975535,1.0099200323919424,1.0022469614952507,0.9988802931596091,1.0130439213288496,1.0036213660597526,1.0,0.9998980735908674,1.001531393568147,1.0017237882782397,1.0083419155509783,0.9998980735908674,1.0014271151885832,1.0055985342019544,1.0019405576549893,0.997048045602606,1.0141851314972044,1.0007102993404364,1.013358380296389,0.997048045602606,1.0016334864726901,1.005198246865763,1.0087538619979404,DOWN,MAA
75,2018-10-22,0.0,0.849030109557245,0.0,0.6799607238148843,0.0,0.7132339703246395,0.0,0.7163986750026147,0.0,1.103577291703892,94.47,97.37,94.27,96.32,95.3714,0.0,1.2007954193661403,2018-10-12,95.69,96.18,94.02,94.61,93.6783,0.9225,1.088564560421597,1.0009053415149383,1.0139610720472843,0.9996993084093415,0.9882808519311119,1.0009053415149383,0.9748743718592965,1.0024120603015074,1.0002062280882655,0.9988802931596091,1.0003058103975535,1.0099200323919424,1.0022469614952507,0.9988802931596091,1.0130439213288496,1.0036213660597526,1.0,0.9998980735908674,1.001531393568147,1.0017237882782397,1.0083419155509783,0.9998980735908674,1.0014271151885832,1.0055985342019544,1.0019405576549893,0.997048045602606,1.0141851314972044,1.0007102993404364,1.013358380296389,0.997048045602606,1.0016334864726901,1.005198246865763,1.0087538619979404,1.0026993355481728,1.0223351328464063,1.0121187223990962,1.0164421342951098,1.0026993355481728,1.0171878235659557,1.0031555374592833,1.007931538300981,UP,MAA
76,2018-10-19,0.0,0.6799607238148843,0.0,0.7132339703246395,0.0,0.7163986750026147,0.0,1.103577291703892,0.0,1.2007954193661403,95.69,96.18,94.02,94.61,93.6783,0.9225,1.088564560421597,2018-10-11,98.76,98.83,95.58,95.79,93.9308,0.0,1.7904828268539146,0.9988802931596091,1.0003058103975535,1.0099200323919424,1.0022469614952507,0.9988802931596091,1.0130439213288496,1.0036213660597526,1.0,0.9998980735908674,1.001531393568147,1.0017237882782397,1.0083419155509783,0.9998980735908674,1.0014271151885832,1.0055985342019544,1.0019405576549893,0.997048045602606,1.0141851314972044,1.0007102993404364,1.013358380296389,0.997048045602606,1.0016334864726901,1.005198246865763,1.0087538619979404,1.0026993355481728,1.0223351328464063,1.0121187223990962,1.0164421342951098,1.0026993355481728,1.0171878235659557,1.0031555374592833,1.007931538300981,0.9985202409893246,0.9872504963946076,1.012372634643377,1.0026590087215486,0.9985202409893246,1.0195829363819202,1.0109011627906979,1.002121565715498,DOWN,MAA
77,2018-10-18,0.0,0.7132339703246395,0.0,0.7163986750026147,0.0,1.103577291703892,0.0,1.2007954193661403,0.9225,1.088564560421597,98.76,98.83,95.58,95.79,93.9308,0.0,1.7904828268539146,2018-10-10,99.68,100.36,98.32,98.47,96.5587,0.0,1.0851490794371028,0.9998980735908674,1.001531393568147,1.0017237882782397,1.0083419155509783,0.9998980735908674,1.0014271151885832,1.0055985342019544,1.0019405576549893,0.997048045602606,1.0141851314972044,1.0007102993404364,1.013358380296389,0.997048045602606,1.0016334864726901,1.005198246865763,1.0087538619979404,1.0026993355481728,1.0223351328464063,1.0121187223990962,1.0164421342951098,1.0026993355481728,1.0171878235659557,1.0031555374592833,1.007931538300981,0.9985202409893246,0.9872504963946076,1.012372634643377,1.0026590087215486,0.9985202409893246,1.0195829363819202,1.0109011627906979,1.002121565715498,0.9989560496920346,0.9689145402997165,0.9731862794697967,0.9836785938480853,0.9989560496920346,0.9887135541853903,1.0051207022677398,1.0062752605828547,DOWN,MAA
78,2018-10-17,0.0,0.7163986750026147,0.0,1.103577291703892,0.0,1.2007954193661403,0.9225,1.088564560421597,0.0,1.7904828268539146,99.68,100.36,98.32,98.47,96.5587,0.0,1.0851490794371028,2018-10-09,99.86,100.13,98.92,99.99,98.0492,0.0,1.1596896441662676,0.997048045602606,1.0141851314972044,1.0007102993404364,1.013358380296389,0.997048045602606,1.0016334864726901,1.005198246865763,1.0087538619979404,1.0026993355481728,1.0223351328464063,1.0121187223990962,1.0164421342951098,1.0026993355481728,1.0171878235659557,1.0031555374592833,1.007931538300981,0.9985202409893246,0.9872504963946076,1.012372634643377,1.0026590087215486,0.9985202409893246,1.0195829363819202,1.0109011627906979,1.002121565715498,0.9989560496920346,0.9689145402997165,0.9731862794697967,0.9836785938480853,0.9989560496920346,0.9887135541853903,1.0051207022677398,1.0062752605828547,1.002945059408957,0.9907704654895666,0.9847548824232762,0.9721318144833199,1.002945059408957,0.9699270959902795,1.000708788983394,1.002197112366604,DOWN,MAA
79,2018-10-16,0.0,1.103577291703892,0.0,1.2007954193661403,0.9225,1.088564560421597,0.0,1.7904828268539146,0.0,1.0851490794371028,99.86,100.13,98.92,99.99,98.0492,0.0,1.1596896441662676,2018-10-08,98.44,100.385,98.44,99.85,97.912,0.0,0.9171043379900903,1.0026993355481728,1.0223351328464063,1.0121187223990962,1.0164421342951098,1.0026993355481728,1.0171878235659557,1.0031555374592833,1.007931538300981,0.9985202409893246,0.9872504963946076,1.012372634643377,1.0026590087215486,0.9985202409893246,1.0195829363819202,1.0109011627906979,1.002121565715498,0.9989560496920346,0.9689145402997165,0.9731862794697967,0.9836785938480853,0.9989560496920346,0.9887135541853903,1.0051207022677398,1.0062752605828547,1.002945059408957,0.9907704654895666,0.9847548824232762,0.9721318144833199,1.002945059408957,0.9699270959902795,1.000708788983394,1.002197112366604,0.996899689968997,0.9981974764670539,1.0022970138819536,0.9939344925192074,0.996899689968997,0.9878611556982343,1.0068218298555376,1.0015256305939788,UP,MAA
80,2018-10-15,0.0,1.2007954193661403,0.9225,1.088564560421597,0.0,1.7904828268539146,0.0,1.0851490794371028,0.0,1.1596896441662676,98.44,100.385,98.44,99.85,97.912,0.0,0.9171043379900903,2018-10-05,98.23,99.02,98.09,98.24,96.3332,0.0,0.8700491641564163,0.9985202409893246,0.9872504963946076,1.012372634643377,1.0026590087215486,0.9985202409893246,1.0195829363819202,1.0109011627906979,1.002121565715498,0.9989560496920346,0.9689145402997165,0.9731862794697967,0.9836785938480853,0.9989560496920346,0.9887135541853903,1.0051207022677398,1.0062752605828547,1.002945059408957,0.9907704654895666,0.9847548824232762,0.9721318144833199,1.002945059408957,0.9699270959902795,1.000708788983394,1.002197112366604,0.996899689968997,0.9981974764670539,1.0022970138819536,0.9939344925192074,0.996899689968997,0.9878611556982343,1.0068218298555376,1.0015256305939788,1.0001001502253382,1.0144250304754165,0.9974597798475867,1.0048760666395775,1.0001001502253382,1.0013018225515722,1.0014001400140013,1.009502628386575,DOWN,MAA
81,2018-10-12,0.9225,1.088564560421597,0.0,1.7904828268539146,0.0,1.0851490794371028,0.0,1.1596896441662676,0.0,0.9171043379900903,98.23,99.02,98.09,98.24,96.3332,0.0,0.8700491641564163,2018-10-04,98.13,98.54,96.97,98.04,96.1371,0.0,0.80161184855585,0.9989560496920346,0.9689145402997165,0.9731862794697967,0.9836785938480853,0.9989560496920346,0.9887135541853903,1.0051207022677398,1.0062752605828547,1.002945059408957,0.9907704654895666,0.9847548824232762,0.9721318144833199,1.002945059408957,0.9699270959902795,1.000708788983394,1.002197112366604,0.996899689968997,0.9981974764670539,1.0022970138819536,0.9939344925192074,0.996899689968997,0.9878611556982343,1.0068218298555376,1.0015256305939788,1.0001001502253382,1.0144250304754165,0.9974597798475867,1.0048760666395775,1.0001001502253382,1.0013018225515722,1.0014001400140013,1.009502628386575,1.0020358306188926,1.0021378397638196,1.0137850939204203,1.0035681516974206,1.0020358306188926,1.0143234457537587,1.0053580370555835,1.0,DOWN,MAA
82,2018-10-11,0.0,1.7904828268539146,0.0,1.0851490794371028,0.0,1.1596896441662676,0.0,0.9171043379900903,0.0,0.8700491641564163,98.13,98.54,96.97,98.04,96.1371,0.0,0.80161184855585,2018-10-03,99.82,100.11,97.77,98.64,96.7254,0.0,0.7134016673639684,1.002945059408957,0.9907704654895666,0.9847548824232762,0.9721318144833199,1.002945059408957,0.9699270959902795,1.000708788983394,1.002197112366604,0.996899689968997,0.9981974764670539,1.0022970138819536,0.9939344925192074,0.996899689968997,0.9878611556982343,1.0068218298555376,1.0015256305939788,1.0001001502253382,1.0144250304754165,0.9974597798475867,1.0048760666395775,1.0001001502253382,1.0013018225515722,1.0014001400140013,1.009502628386575,1.0020358306188926,1.0021378397638196,1.0137850939204203,1.0035681516974206,1.0020358306188926,1.0143234457537587,1.0053580370555835,1.0,1.001937984496124,1.0010190563538164,1.0048711183275827,1.0115499639063628,1.001937984496124,1.000101801893515,1.0079397394136809,1.0014272606789683,UP,MAA
83,2018-10-10,0.0,1.0851490794371028,0.0,1.1596896441662676,0.0,0.9171043379900903,0.0,0.8700491641564163,0.0,0.80161184855585,99.82,100.11,97.77,98.64,96.7254,0.0,0.7134016673639684,2018-10-02,99.7,100.34,99.31,99.83,97.8924,0.0,0.7251866152654215,0.996899689968997,0.9981974764670539,1.0022970138819536,0.9939344925192074,0.996899689968997,0.9878611556982343,1.0068218298555376,1.0015256305939788,1.0001001502253382,1.0144250304754165,0.9974597798475867,1.0048760666395775,1.0001001502253382,1.0013018225515722,1.0014001400140013,1.009502628386575,1.0020358306188926,1.0021378397638196,1.0137850939204203,1.0035681516974206,1.0020358306188926,1.0143234457537587,1.0053580370555835,1.0,1.001937984496124,1.0010190563538164,1.0048711183275827,1.0115499639063628,1.001937984496124,1.000101801893515,1.0079397394136809,1.0014272606789683,0.9948296836982968,0.9830695251452615,0.9843172510238738,0.9918175309399612,0.9948296836982968,0.9990828492815654,1.0041781310506472,1.011034340517686,DOWN,MAA
84,2018-10-09,0.0,1.1596896441662676,0.0,0.9171043379900903,0.0,0.8700491641564163,0.0,0.80161184855585,0.0,0.7134016673639684,99.7,100.34,99.31,99.83,97.8924,0.0,0.7251866152654215,2018-10-01,100.23,100.31,99.34,99.56,97.6276,0.0,0.788263779627259,1.0001001502253382,1.0144250304754165,0.9974597798475867,1.0048760666395775,1.0001001502253382,1.0013018225515722,1.0014001400140013,1.009502628386575,1.0020358306188926,1.0021378397638196,1.0137850939204203,1.0035681516974206,1.0020358306188926,1.0143234457537587,1.0053580370555835,1.0,1.001937984496124,1.0010190563538164,1.0048711183275827,1.0115499639063628,1.001937984496124,1.000101801893515,1.0079397394136809,1.0014272606789683,0.9948296836982968,0.9830695251452615,0.9843172510238738,0.9918175309399612,0.9948296836982968,0.9990828492815654,1.0041781310506472,1.011034340517686,0.9998998297105078,1.0012036108324973,0.9977077935020928,0.9844930017118114,0.9998998297105078,0.9881787216990584,1.0029052294129435,1.0088984351027923,UP,MAA
85,2018-10-08,0.0,0.9171043379900903,0.0,0.8700491641564163,0.0,0.80161184855585,0.0,0.7134016673639684,0.0,0.7251866152654215,100.23,100.31,99.34,99.56,97.6276,0.0,0.788263779627259,2018-09-28,99.07,100.21,99.07,100.18,98.2356,0.0,1.4831741560215714,1.0020358306188926,1.0021378397638196,1.0137850939204203,1.0035681516974206,1.0020358306188926,1.0143234457537587,1.0053580370555835,1.0,1.001937984496124,1.0010190563538164,1.0048711183275827,1.0115499639063628,1.001937984496124,1.000101801893515,1.0079397394136809,1.0014272606789683,0.9948296836982968,0.9830695251452615,0.9843172510238738,0.9918175309399612,0.9948296836982968,0.9990828492815654,1.0041781310506472,1.011034340517686,0.9998998297105078,1.0012036108324973,0.9977077935020928,0.9844930017118114,0.9998998297105078,0.9881787216990584,1.0029052294129435,1.0088984351027923,1.0014061872237847,0.9947121620273371,1.0002990728740904,0.9996980068451782,1.0014061872237847,1.0013039117352056,1.005108684764099,1.0039270969690868,UP,MAA
86,2018-10-05,0.0,0.8700491641564163,0.0,0.80161184855585,0.0,0.7134016673639684,0.0,0.7251866152654215,0.0,0.788263779627259,99.07,100.21,99.07,100.18,98.2356,0.0,1.4831741560215714,2018-09-27,99.49,100.3,98.88,98.91,96.9902,0.0,1.3751418770800394,1.001937984496124,1.0010190563538164,1.0048711183275827,1.0115499639063628,1.001937984496124,1.000101801893515,1.0079397394136809,1.0014272606789683,0.9948296836982968,0.9830695251452615,0.9843172510238738,0.9918175309399612,0.9948296836982968,0.9990828492815654,1.0041781310506472,1.011034340517686,0.9998998297105078,1.0012036108324973,0.9977077935020928,0.9844930017118114,0.9998998297105078,0.9881787216990584,1.0029052294129435,1.0088984351027923,1.0014061872237847,0.9947121620273371,1.0002990728740904,0.9996980068451782,1.0014061872237847,1.0013039117352056,1.005108684764099,1.0039270969690868,1.0004991016170892,1.0117088927021298,1.0009979044007584,1.002725345715151,1.0004991016170892,0.9933153746383319,1.0007981642222887,1.0022146164686934,UP,MAA
87,2018-10-04,0.0,0.80161184855585,0.0,0.7134016673639684,0.0,0.7251866152654215,0.0,0.788263779627259,0.0,1.4831741560215714,99.49,100.3,98.88,98.91,96.9902,0.0,1.3751418770800394,2018-09-26,100.99,101.61,99.5,99.59,97.657,0.0,0.8132675620416736,0.9948296836982968,0.9830695251452615,0.9843172510238738,0.9918175309399612,0.9948296836982968,0.9990828492815654,1.0041781310506472,1.011034340517686,0.9998998297105078,1.0012036108324973,0.9977077935020928,0.9844930017118114,0.9998998297105078,0.9881787216990584,1.0029052294129435,1.0088984351027923,1.0014061872237847,0.9947121620273371,1.0002990728740904,0.9996980068451782,1.0014061872237847,1.0013039117352056,1.005108684764099,1.0039270969690868,1.0004991016170892,1.0117088927021298,1.0009979044007584,1.002725345715151,1.0004991016170892,0.9933153746383319,1.0007981642222887,1.0022146164686934,1.0016176321908805,0.9957784701980098,0.9991026919242273,1.0019215210355987,1.0016176321908805,1.011204199051176,1.0002994609702534,1.0,DOWN,MAA
88,2018-10-03,0.0,0.7134016673639684,0.0,0.7251866152654215,0.0,0.788263779627259,0.0,1.4831741560215714,0.0,1.3751418770800394,100.99,101.61,99.5,99.59,97.657,0.0,0.8132675620416736,2018-09-25,100.6,101.33,100.16,100.94,98.9808,0.0,0.8092936037610661,0.9998998297105078,1.0012036108324973,0.9977077935020928,0.9844930017118114,0.9998998297105078,0.9881787216990584,1.0029052294129435,1.0088984351027923,1.0014061872237847,0.9947121620273371,1.0002990728740904,0.9996980068451782,1.0014061872237847,1.0013039117352056,1.005108684764099,1.0039270969690868,1.0004991016170892,1.0117088927021298,1.0009979044007584,1.002725345715151,1.0004991016170892,0.9933153746383319,1.0007981642222887,1.0022146164686934,1.0016176321908805,0.9957784701980098,0.9991026919242273,1.0019215210355987,1.0016176321908805,1.011204199051176,1.0002994609702534,1.0,0.9989958831207951,0.9851470442618081,0.9871075681527408,0.9937688442211055,0.9989958831207951,0.9941702683686803,1.008141521760981,1.0003033980582525,DOWN,MAA
89,2018-10-02,0.0,0.7251866152654215,0.0,0.788263779627259,0.0,1.4831741560215714,0.0,1.3751418770800394,0.0,0.8132675620416736,100.6,101.33,100.16,100.94,98.9808,0.0,0.8092936037610661,2018-09-24,102.81,102.81,100.33,100.63,98.6768,0.0,1.0732225890804366,1.0014061872237847,0.9947121620273371,1.0002990728740904,0.9996980068451782,1.0014061872237847,1.0013039117352056,1.005108684764099,1.0039270969690868,1.0004991016170892,1.0117088927021298,1.0009979044007584,1.002725345715151,1.0004991016170892,0.9933153746383319,1.0007981642222887,1.0022146164686934,1.0016176321908805,0.9957784701980098,0.9991026919242273,1.0019215210355987,1.0016176321908805,1.011204199051176,1.0002994609702534,1.0,0.9989958831207951,0.9851470442618081,0.9871075681527408,0.9937688442211055,0.9989958831207951,0.9941702683686803,1.008141521760981,1.0003033980582525,1.0004953437685753,1.0038767395626242,1.0027632487910787,0.9934105431309904,1.0004953437685753,0.986137241311021,1.0061392217051193,1.0009045226130653,UP,MAA
90,2018-10-01,0.0,0.788263779627259,0.0,1.4831741560215714,0.0,1.3751418770800394,0.0,0.8132675620416736,0.0,0.8092936037610661,102.81,102.81,100.33,100.63,98.6768,0.0,1.0732225890804366,2018-09-21,102.39,103.97,101.75,103.05,101.0499,0.0,1.5410342501048413,1.0004991016170892,1.0117088927021298,1.0009979044007584,1.002725345715151,1.0004991016170892,0.9933153746383319,1.0007981642222887,1.0022146164686934,1.0016176321908805,0.9957784701980098,0.9991026919242273,1.0019215210355987,1.0016176321908805,1.011204199051176,1.0002994609702534,1.0,0.9989958831207951,0.9851470442618081,0.9871075681527408,0.9937688442211055,0.9989958831207951,0.9941702683686803,1.008141521760981,1.0003033980582525,1.0004953437685753,1.0038767395626242,1.0027632487910787,0.9934105431309904,1.0004953437685753,0.986137241311021,1.0061392217051193,1.0009045226130653,0.9997018781675444,0.9785040365723178,0.9856045131796517,0.9983055915478919,0.9997018781675444,1.0033797216699802,1.003863681394888,1.0043929712460065,UP,MAA
91,2018-09-28,0.0,1.4831741560215714,0.0,1.3751418770800394,0.0,0.8132675620416736,0.0,0.8092936037610661,0.0,1.0732225890804366,102.39,103.97,101.75,103.05,101.0499,0.0,1.5410342501048413,2018-09-20,101.86,102.535,101.31,102.49,100.5007,0.0,0.8204446876239554,1.0016176321908805,0.9957784701980098,0.9991026919242273,1.0019215210355987,1.0016176321908805,1.011204199051176,1.0002994609702534,1.0,0.9989958831207951,0.9851470442618081,0.9871075681527408,0.9937688442211055,0.9989958831207951,0.9941702683686803,1.008141521760981,1.0003033980582525,1.0004953437685753,1.0038767395626242,1.0027632487910787,0.9934105431309904,1.0004953437685753,0.986137241311021,1.0061392217051193,1.0009045226130653,0.9997018781675444,0.9785040365723178,0.9856045131796517,0.9983055915478919,0.9997018781675444,1.0033797216699802,1.003863681394888,1.0043929712460065,0.9976710334788937,1.0041019630823322,0.9888429354621526,0.986044226044226,0.9976710334788937,0.9787958369808384,1.0,1.0029901325625437,UP,MAA
92,2018-09-27,0.0,1.3751418770800394,0.0,0.8132675620416736,0.0,0.8092936037610661,0.0,1.0732225890804366,0.0,1.5410342501048413,101.86,102.535,101.31,102.49,100.5007,0.0,0.8204446876239554,2018-09-19,103.14,103.23,101.47,101.79,99.8143,0.0,0.7092153954005409,0.9989958831207951,0.9851470442618081,0.9871075681527408,0.9937688442211055,0.9989958831207951,0.9941702683686803,1.008141521760981,1.0003033980582525,1.0004953437685753,1.0038767395626242,1.0027632487910787,0.9934105431309904,1.0004953437685753,0.986137241311021,1.0061392217051193,1.0009045226130653,0.9997018781675444,0.9785040365723178,0.9856045131796517,0.9983055915478919,0.9997018781675444,1.0033797216699802,1.003863681394888,1.0043929712460065,0.9976710334788937,1.0041019630823322,0.9888429354621526,0.986044226044226,0.9976710334788937,0.9787958369808384,1.0,1.0029901325625437,0.999024295053176,1.005203220106028,1.0139952211439995,1.004343105320304,0.999024295053176,1.0064459419865222,1.008927704997574,1.0062899262899263,DOWN,MAA
93,2018-09-26,0.0,0.8132675620416736,0.0,0.8092936037610661,0.0,1.0732225890804366,0.0,1.5410342501048413,0.0,0.8204446876239554,103.14,103.23,101.47,101.79,99.8143,0.0,0.7092153954005409,2018-09-18,103.12,103.2,102.41,103.0,101.0008,0.0,0.7040829428941118,1.0004953437685753,1.0038767395626242,1.0027632487910787,0.9934105431309904,1.0004953437685753,0.986137241311021,1.0061392217051193,1.0009045226130653,0.9997018781675444,0.9785040365723178,0.9856045131796517,0.9983055915478919,0.9997018781675444,1.0033797216699802,1.003863681394888,1.0043929712460065,0.9976710334788937,1.0041019630823322,0.9888429354621526,0.986044226044226,0.9976710334788937,0.9787958369808384,1.0,1.0029901325625437,0.999024295053176,1.005203220106028,1.0139952211439995,1.004343105320304,0.999024295053176,1.0064459419865222,1.008927704997574,1.0062899262899263,1.0006876903428628,0.9875896839247624,0.9932674610093964,0.9984231792648074,1.0006876903428628,1.0061849597486745,1.0004390672260708,1.00542888165038,UP,MAA
94,2018-09-25,0.0,0.8092936037610661,0.0,1.0732225890804366,0.0,1.5410342501048413,0.0,0.8204446876239554,0.0,0.7092153954005409,103.12,103.2,102.41,103.0,101.0008,0.0,0.7040829428941118,,,,,,,,,0.9997018781675444,0.9785040365723178,0.9856045131796517,0.9983055915478919,0.9997018781675444,1.0033797216699802,1.003863681394888,1.0043929712460065,0.9976710334788937,1.0041019630823322,0.9888429354621526,0.986044226044226,0.9976710334788937,0.9787958369808384,1.0,1.0029901325625437,0.999024295053176,1.005203220106028,1.0139952211439995,1.004343105320304,0.999024295053176,1.0064459419865222,1.008927704997574,1.0062899262899263,1.0006876903428628,0.9875896839247624,0.9932674610093964,0.9984231792648074,1.0006876903428628,1.0061849597486745,1.0004390672260708,1.00542888165038,1.001359223300971,1.0001939487975173,1.0002906976744186,0.9908212088663216,1.001359223300971,0.9869109947643979,1.0008726003490402,1.0031536414703854,DOWN,MAA
95,2018-09-24,0.0,1.0732225890804366,0.0,1.5410342501048413,0.0,0.8204446876239554,0.0,0.7092153954005409,0.0,0.7040829428941118,,,,,,,,,,,,,,,,0.9976710334788937,1.0041019630823322,0.9888429354621526,0.986044226044226,0.9976710334788937,0.9787958369808384,1.0,1.0029901325625437,0.999024295053176,1.005203220106028,1.0139952211439995,1.004343105320304,0.999024295053176,1.0064459419865222,1.008927704997574,1.0062899262899263,1.0006876903428628,0.9875896839247624,0.9932674610093964,0.9984231792648074,1.0006876903428628,1.0061849597486745,1.0004390672260708,1.00542888165038,1.001359223300971,1.0001939487975173,1.0002906976744186,0.9908212088663216,1.001359223300971,0.9869109947643979,1.0008726003490402,1.0031536414703854,,,,,,0.9988363072148952,1.0007757951900698,1.005761156137096,DOWN,MAA
96,2018-09-21,0.0,1.5410342501048413,0.0,0.8204446876239554,0.0,0.7092153954005409,0.0,0.7040829428941118,,,,,,,,,,,,,,,,,,0.999024295053176,1.005203220106028,1.0139952211439995,1.004343105320304,0.999024295053176,1.0064459419865222,1.008927704997574,1.0062899262899263,1.0006876903428628,0.9875896839247624,0.9932674610093964,0.9984231792648074,1.0006876903428628,1.0061849597486745,1.0004390672260708,1.00542888165038,1.001359223300971,1.0001939487975173,1.0002906976744186,0.9908212088663216,1.001359223300971,0.9869109947643979,1.0008726003490402,1.0031536414703854,,,,,,0.9988363072148952,1.0007757951900698,1.005761156137096,,,,,,,0.0,0.0,DOWN,MAA
97,2018-09-20,0.0,0.8204446876239554,0.0,0.7092153954005409,0.0,0.7040829428941118,,,,,,,,,,,,,,,,,,,,1.0006876903428628,0.9875896839247624,0.9932674610093964,0.9984231792648074,1.0006876903428628,1.0061849597486745,1.0004390672260708,1.00542888165038,1.001359223300971,1.0001939487975173,1.0002906976744186,0.9908212088663216,1.001359223300971,0.9869109947643979,1.0008726003490402,1.0031536414703854,,,,,,0.9988363072148952,1.0007757951900698,1.005761156137096,,,,,,,0.0,0.0,,,,,,,0.0,0.0,UP,MAA
98,2018-09-19,0.0,0.7092153954005409,0.0,0.7040829428941118,,,,,,,,,,,,,,,,,,,,,,1.001359223300971,1.0001939487975173,1.0002906976744186,0.9908212088663216,1.001359223300971,0.9869109947643979,1.0008726003490402,1.0031536414703854,,,,,,0.9988363072148952,1.0007757951900698,1.005761156137096,,,,,,,0.0,0.0,,,,,,,0.0,0.0,,,,,,,0.0,0.0,UP,MAA
99,2018-09-18,0.0,0.7040829428941118,,,,,,,,,,,,,,,,,,,,,,,,,,,,,0.9988363072148952,1.0007757951900698,1.005761156137096,,,,,,,0.0,0.0,,,,,,,0.0,0.0,,,,,,,0.0,0.0,,,,,,,0.0,0.0,FLAT,MAA
